DELETE FROM cinemas ;
DELETE FROM comments ;
DELETE FROM movies ;
DELETE FROM opinions ;
DELETE FROM persons ;
DELETE FROM products ;
DELETE FROM purchases ;
DELETE FROM reservations ;
DELETE FROM seats ;
DELETE FROM security_level ;
DELETE FROM sessions ;
DELETE FROM users ;

INSERT INTO movies (
	title,
	original_title,
	pegi,
	release_year,
	movie_duration,
	movie_genre,
	average_rating,
	movie_description
)
VALUES
('Nadia, butterfly','Nadia, butterfly',0,2021,'1:46:00','Drame',5.00,"Le film fait partie de la Sélection Officielle de Cannes 2020. Nadia, 23 ans, nage pour le Canada aux Jeux olympiques. Cette compétition prestigieuse représente l'aboutissement de sa vie de sacrifices. Pourtant, par peur de rester piégée dans le monde hermétique et éphémère du sport de haut niveau, Nadia a pris la décision..."),
('Nouvel ordre','New Order',12,2021,'1:28:00','Drame',5.00,"Un mariage mondain est interrompu par l'arrivée d'invités importuns."),
('Promising Young Woman','Promising Young Woman',12,2021,'1:54:00','Thriller',5.00,"Tout le monde s'entendait pour dire que Cassie était une jeune femme pleine d'avenir jusqu'à ce qu'un évènement inattendu ne vienne tout bouleverser. Mais rien dans la vie de Cassie n'est en fait conforme aux apparences : elle est aussi intelligente que rusée, séduisante que calculatrice et mêne une double vie dès la nuit..."),
('Tom & Jerry','Tom & Jerry',0,2021,'1:41:00','Animation',5.00,"Les nouvelles aventures de Tom & Jerry dans un long métrage melant CGI et prises de vues réelles. Tom, le chat et Jerry, la souris n'ont plus de domicile. Ils emménagent dans un hôtel chic de New York où Kayla a trouvé un emploi. Mais pour qu'elle puisse le garder, il faut impérativement qu'elle chasse Jerry avant la réception..."),
('Freaky','Freaky',0,2021,'1:42:00','Thriller',5.00,"Millie Kessler, une adolescente de 17 ans, occupée à faire bonne figure dans son très élitiste lycée, Blissfield High, devient la nouvelle cible du Boucher, un tueur en série tristement notoire. Son année de Terminale va alors devenir le cadet de ses soucis. Lorsque, sous l'effet du poignard antique du Boucher ils se réveillent dans le corps de..."),
('9 jours à Raqqa','9 jours à Raqqa',12,2021,'1:30:00','Documentaire',5.00,"Le film fait partie de la Sélection Officielle Cannes 2020. Leïla Mustapha est à 30 ans la nouvelle maire Kurde de Raqqa en Syrie. Ingénieure en génie civil et chargée de la reconstruction de l'ancienne capitale de Daech, elle doit réconcilier la population et arriver à faire vivre la démocratie. La journaliste grand reporter et écrivaine, Marine"),
('Comment je suis devenu super-héros','Comment je suis devenu super-héros',12,2021,'1:37:00','Policier / Espionnage',5.00,"Paris 2020. Dans une société où les surhommes sont banalisés et parfaitement intégrés, une mystérieuse substance procurant des super-pouvoirs à ceux qui n'en ont pas se répand. Face aux incidents qui se multiplient, les lieutenants Moreau et Schaltzmann sont chargés de l'enquête. Avec l'aide de Monté Carlo et Callista, deux..."),
('Fatima','Fatima',12,2021,'1:53:00','Drame',5.00,"Portugal. 1917, trois jeunes bergers de Fatima racontent avoir vu la Vierge Marie. Leurs révélations vont toucher de nombreux croyants mais également attirer la colère des représentants de l'Eglise et du gouvernement. Ils vont tout faire pour essayer d'étouffer l'affaire et obliger les trois enfants à se rétracter. Mais la rumeur..."),
('Mystère à Saint-Tropez','Mystère à Saint-Tropez',12,2021,'','Comédie',5.00,"Aout 1970, en pleine période yéyé. Comme chaque année, le milliardaire Claude Tranchant et sa femme Eliane ont invité le gratin du show-business dans leur somptueuse villa tropézienne. Rien ne semble pouvoir gâcher les festivités, si ce n'est l'inquiétant sabotage de la décapotable du couple. Persuadé d'être victime"),
('Nomadland','Nomadland',12,2021,'1:48:00','Drame',5.00,"Après avoir tout perdu pendant la Grande Récession, une sexagénaire se lance dans un voyage à travers l'Ouest américain, vivant comme un nomade des temps modernes."),
('Nos plus belles années','Nos plus belles années',12,2021,'2:15:00','Comédie dramatique',5.00,"C'est l'histoire de quatre amis, racontée sur quarante ans, en Italie, des années 1980 à aujourd'hui. La chronique de leurs espoirs, de leurs désillusions, de leurs amours, et surtout, de leur amitié."),
('Un homme en colère','Un homme en colère',12,2021,'','Action',5.00,"Un convoyeur de fond fraichement engagé surprend ses collègues par l'incroyable précision de ses tirs de riposte alors qu'ils subissent les assauts de braqueurs expérimentés.Tous se demandent désormais qui il est, d'où il vient et pourquoi est-il là."),
('Délicieux','Délicieux',12,2021,'1:53:00','Comédie dramatique',5.00,"XVIIIe siècle. Un cuisinier est limogé par son maître. Il trouve le courage au contact d'une jeune femme étonnante de se libérer de sa condition de domestique et de proposer son savoir-faire directement au public en créant le premier restaurant."),
("L'un des notres","L'un des notres",12,2021,'1:55:00','Thriller',5.00,"Après la perte de leur fils, le shérif à la retraite George Blackledge et son épouse, Margaret quittent leur ranch du Montana pour sauver leur jeune petit-fils des griffes d'une dangereuse famille tenue d'une main de fer par la matriarche Blanche Weboy. Quand ils découvrent que les Weboy n'ont pas l'intention de laisser partir l'enfant..."),
('Ca tourne à Saint-Pierre et Miquelon','Ca tourne à Saint-Pierre et Miquelon',12,2021,'1:35:00','Comédie dramatique',5.00,"Céline, une actrice, engagée par le célèbre réalisateur Milan Zodowski, arrive à Saint-Pierre et Miquelon. Sur place, il n'y a qu'un ingénieur du son et une régisseuse pour toute équipe et Milan refuse obstinément de sortir du cabanon où il s'est enfermé. Le grand menteur en scène, adepte du cinéma vérité, fera-t-il tourner Céline ou l'a-t-il...");




INSERT INTO security_level 
	(
		id_sl,
		roles
	)
VALUES
(1,"NDS Client, accès aux utilisations basiques de réservation et achats."),
(2,"NDS Employé, accès aux utilisations basiques, de ventes et de modifications clients."),
(3,"NDS RH, accès aux utilisations basiques, ajout et suppression d'employés de NDS 2,3,4."),
(4,"NDS Modérateur, accès aux utilisations basiques, de ventes et de modifications clients, employé et RH."),
(5,"NDS Administrateur, accès total.") ;



INSERT INTO persons 
	(
		family_name,
		first_name,
		birthdate,
		genre,
		city,
		e_mail
	)
VALUES
('GUIMARD','Ilona','1984-03-21','F','Soulvache (44200)','GUIMARD.Ilona@email44.fr'),
('LEDUC','Colombine','1973-04-22','H','Corsept (44046)','LEDUC.Colombine@email44.fr'),
('PACAUD','Maëlyne','2007-11-15','H','Ancenis-Saint-Géréon (44003)','PACAUD.Maëlyne@email44.fr'),
('FAUCHEUX','Paloma','1991-06-08','H','Pouillé-les-Côteaux (44134)','FAUCHEUX.Paloma@email44.fr'),
('PROVOST','Hassan','2005-03-07','H','Saint-Brevin-les-Pins (44154)','PROVOST.Hassan@email44.fr'),
('LECHAT','Henri','1986-06-09','F','Les Moutiers-en-Retz (44106)','LECHAT.Henri@email44.fr'),
('MOYON','Ayman','1984-04-05','H','Sainte-Pazanne (44186)','MOYON.Ayman@email44.fr'),
('PELLERIN','Salif','1982-08-03','H','Les Touches (44205)','PELLERIN.Salif@email44.fr'),
('BERTHO','Aïcha','1986-08-06','H','Rezé (44143)','BERTHO.Aïcha@email44.fr'),
('BOURREAU','Cassie','1993-11-15','H','Montrelais (44104)','BOURREAU.Cassie@email44.fr'),
('LEMASSON','Elisa','1971-02-07','H','Saint-Joachim (44168)','LEMASSON.Elisa@email44.fr'),
('PRAUD','Mansour','1979-03-07','F','Piriac-sur-Mer (44125)','PRAUD.Mansour@email44.fr'),
('CLOUET','Rayan','1998-09-27','H','Petit-Mars (44122)','CLOUET.Rayan@email44.fr'),
('MONNIER','Noélie','1993-03-30','H','Massérac (44092)','MONNIER.Noélie@email44.fr'),
('GUILLOTEAU','Rym','2003-05-03','F','Aigrefeuille-sur-Maine (44002)','GUILLOTEAU.Rym@email44.fr'),
('THIBAUD','Orion','2008-05-20','H','Châteaubriant (44036)','THIBAUD.Orion@email44.fr'),
('VERGER','Lily-Rose','1975-03-14','F','Pannecé (44118)','VERGER.Lily-Rose@email44.fr'),
('VERGER','Jaden','1985-12-13','F','Le Loroux-Bottereau (44084)','VERGER.Jaden@email44.fr'),
('BUREAU','Emma','1996-07-02','F','Loireauxence (44213)','BUREAU.Emma@email44.fr'),
('CHAUVEL','Iyad','2001-10-29','F','Gorges (44064)','CHAUVEL.Iyad@email44.fr'),
('BOURSIER','Hanae','1979-04-27','H','Vair-sur-Loire (44163)','BOURSIER.Hanae@email44.fr'),
('DELALANDE','Mayar','2001-04-17','H','Marsac-sur-Don (44091)','DELALANDE.Mayar@email44.fr'),
('GUILLARD','Eléonore','2006-03-30','F','Bouaye (44018)','GUILLARD.Eléonore@email44.fr'),
('GUILBAUD','Fanny','1993-09-20','F','Sainte-Reine-de-Bretagne (44189)','GUILBAUD.Fanny@email44.fr'),
('DROUET','Chaï','1975-08-31','F','Sévérac (44196)','DROUET.Chaï@email44.fr'),
('BURGAUD','Eli','1971-12-03','H','Saint-Viaud (44192)','BURGAUD.Eli@email44.fr'),
('MOISAN','Soumaya','2008-08-29','H','Corsept (44046)','MOISAN.Soumaya@email44.fr'),
('DELALANDE','Armelle','2011-02-14','H','Saint-Fiacre-sur-Maine (44159)','DELALANDE.Armelle@email44.fr'),
('LEDUC','Néné','2008-07-03','F','Chaumes-en-Retz (44005)','LEDUC.Néné@email44.fr'),
('MACE','Ludovic','1989-04-19','F','Loireauxence (44213)','MACE.Ludovic@email44.fr'),
('BUSSON','Leonardo','1998-07-30','F','Le Loroux-Bottereau (44084)','BUSSON.Leonardo@email44.fr'),
('LEDUC','Shahd','1994-10-19','H','Loireauxence (44213)','LEDUC.Shahd@email44.fr'),
('BLAIS','Rime','1988-09-07','H','Vallons-de-l Erdre (44180)','BLAIS.Rime@email44.fr'),
('LECOQ','Goundo','1981-05-04','F','La Remaudière (44141)','LECOQ.Goundo@email44.fr'),
('GUIMARD','Gilles','1982-10-17','H','Petit-Mars (44122)','GUIMARD.Gilles@email44.fr'),
('DELALANDE','Zakary','1975-12-08','F','Blain (44015)','DELALANDE.Zakary@email44.fr'),
('BOURDEAU','Miral','1996-09-15','F','Casson (44027)','BOURDEAU.Miral@email44.fr'),
('LEMASSON','Tiffany','1970-08-06','F','Herbignac (44072)','LEMASSON.Tiffany@email44.fr'),
('FOUCHER','Mansour','1994-10-28','H','Erbray (44054)','FOUCHER.Mansour@email44.fr'),
('HERVE','Noham','1990-03-03','F','Guémené-Penfao (44067)','HERVE.Noham@email44.fr'),
('GUILLOU','Sally','1991-12-30','F','Plessé (44128)','GUILLOU.Sally@email44.fr'),
('CAILLON','Emir','1986-12-13','H','Saint-Philbert-de-Grand-Lieu (44188)','CAILLON.Emir@email44.fr'),
('CHIRON','Guillaume','1998-09-02','H','Chaumes-en-Retz (44005)','CHIRON.Guillaume@email44.fr'),
('BIDET','Seynabou','1983-01-21','H','Saint-Nazaire (44184)','BIDET.Seynabou@email44.fr'),
('BROCHARD','Muhammed','1989-06-12','F','Campbon (44025)','BROCHARD.Muhammed@email44.fr'),
('BIDET','Camila','1995-10-28','F','Quilly (44139)','BIDET.Camila@email44.fr'),
('FOURRIER','Zackary','1995-10-20','H','Aigrefeuille-sur-Maine (44002)','FOURRIER.Zackary@email44.fr'),
('BERTAUD','Pharell','2008-02-23','F','Grandchamps-des-Fontaines (44066)','BERTAUD.Pharell@email44.fr'),
('HERVY','Artur','1983-11-10','F','Saint-Gildas-des-Bois (44161)','HERVY.Artur@email44.fr'),
('LEDUC','Izia','1994-01-12','F','Treffieux (44208)','LEDUC.Izia@email44.fr'),
('FOUCHARD','Shanna','2002-12-29','F','Basse-Goulaine (44009)','FOUCHARD.Shanna@email44.fr'),
('PROVOST','Sybille','2003-07-24','H','La Chevrolière (44041)','PROVOST.Sybille@email44.fr'),
('BILLY','Omar','2011-11-20','F','Jans (44076)','BILLY.Omar@email44.fr'),
('FAVREAU','Lucile','1971-10-10','F','Le Cellier (44028)','FAVREAU.Lucile@email44.fr'),
('GUILLOTEAU','Namizata','1994-10-19','F','Saint-Jean-de-Boiseau (44166)','GUILLOTEAU.Namizata@email44.fr'),
('JOUIN','Donia','1977-08-18','F','Gétigné (44063)','JOUIN.Donia@email44.fr'),
('CLOUET','Aziz','2003-11-12','H','La Remaudière (44141)','CLOUET.Aziz@email44.fr'),
('EVAIN','Eliora','1983-02-25','F','Fay-de-Bretagne (44056)','EVAIN.Eliora@email44.fr'),
('PACAUD','Camélia','1972-10-27','F','Notre-Dame-des-Landes (44111)','PACAUD.Camélia@email44.fr'),
('GAUDIN','Giovanni','2011-10-27','H','Saffré (44149)','GAUDIN.Giovanni@email44.fr'),
('CLOUET','Mouad','1971-06-02','H','Le Pallet (44117)','CLOUET.Mouad@email44.fr'),
('FOUCHARD','Soan','1976-04-06','H','Villeneuve-en-Retz (44021)','FOUCHARD.Soan@email44.fr'),
('GALLAIS','Liyah','2009-09-17','F','Saint-Jean-de-Boiseau (44166)','GALLAIS.Liyah@email44.fr'),
('BERTHAUD','Emeline','1988-08-04','F','Savenay (44195)','BERTHAUD.Emeline@email44.fr'),
('PRAUD','Enora','1999-03-17','F','Les Sorinières (44198)','PRAUD.Enora@email44.fr'),
('RONDEAU','Nino','2002-09-04','F','Paimbœuf (44116)','RONDEAU.Nino@email44.fr'),
('AUGEREAU','Jane','2002-04-17','F','Bouaye (44018)','AUGEREAU.Jane@email44.fr'),
('GUITTON','Salif','2009-09-22','H','Vigneux-de-Bretagne (44217)','GUITTON.Salif@email44.fr'),
('MARCHAIS','Hadassa','1999-12-09','H','Saint-Mars-de-Coutais (44178)','MARCHAIS.Hadassa@email44.fr'),
('HUCHET','Maëline','1984-11-25','F','Sainte-Anne-sur-Brivet (44152)','HUCHET.Maëline@email44.fr'),
('GUIBERT','Prudence','2003-07-18','H','Casson (44027)','GUIBERT.Prudence@email44.fr'),
('MAISONNEUVE','Shahine','1977-09-10','F','La Plaine-sur-Mer (44126)','MAISONNEUVE.Shahine@email44.fr'),
('BACHELIER','Sérine','1983-02-27','H','Saint-Julien-de-Vouvantes (44170)','BACHELIER.Sérine@email44.fr'),
('CHAPRON','Elliott','1986-08-30','F','La Regrippière (44140)','CHAPRON.Elliott@email44.fr'),
('GILET','Kahina','2003-05-22','F','Orvault (44114)','GILET.Kahina@email44.fr'),
('HERVOUET','Elora','1998-01-26','F','Sainte-Luce-sur-Loire (44172)','HERVOUET.Elora@email44.fr'),
('BOUTIN','Gabin','1999-12-31','H','Sucé-sur-Erdre (44201)','BOUTIN.Gabin@email44.fr'),
('GIRAUDET','Samir','1970-03-20','H','Le Temple-de-Bretagne (44203)','GIRAUDET.Samir@email44.fr'),
('BRIAND','Shahine','1985-09-06','F','Pouillé-les-Côteaux (44134)','BRIAND.Shahine@email44.fr'),
('BOURREAU','Suzanne','1998-01-24','H','La Bernerie-en-Retz (44012)','BOURREAU.Suzanne@email44.fr'),
('BOURREAU','Rodrigo','1993-09-22','H','Vallet (44212)','BOURREAU.Rodrigo@email44.fr'),
('BOSSARD','Gauthier','2005-04-23','F','Juigné-des-Moutiers (44078)','BOSSARD.Gauthier@email44.fr'),
('GALLAIS','Perrine','1989-12-31','H','La Regrippière (44140)','GALLAIS.Perrine@email44.fr'),
('MERLET','Loubna','1991-11-22','F','Mésanger (44096)','MERLET.Loubna@email44.fr'),
('FAUCHEUX','Morganne','1978-12-08','H','Port-Saint-Père (44133)','FAUCHEUX.Morganne@email44.fr'),
('VINET','Matisse','2001-06-26','H','La Limouzinière (44083)','VINET.Matisse@email44.fr'),
('OUVRARD','Matilde','1998-09-15','H','Trignac (44210)','OUVRARD.Matilde@email44.fr'),
('TESSIER','Leonor','1989-04-14','F','Bouée (44019)','TESSIER.Leonor@email44.fr'),
('CHOTARD','Maïssane','2009-04-13','F','Le Pin (44124)','CHOTARD.Maïssane@email44.fr'),
('BOUCARD','Ilona','1993-07-17','H','Vair-sur-Loire (44163)','BOUCARD.Ilona@email44.fr'),
('GUIBERT','Daouda','1971-02-21','F','Fay-de-Bretagne (44056)','GUIBERT.Daouda@email44.fr'),
('NOBLET','Romy','1970-08-30','F','Les Touches (44205)','NOBLET.Romy@email44.fr'),
('GUILLE','Léona','1992-10-15','H','Villeneuve-en-Retz (44021)','GUILLE.Léona@email44.fr'),
('GUILLARD','Zahara','1975-01-26','H','Montbert (44102)','GUILLARD.Zahara@email44.fr'),
('CLAVIER','Alya','1977-08-28','H','Casson (44027)','CLAVIER.Alya@email44.fr'),
('BRISSON','Natan','2009-11-15','H','Préfailles (44136)','BRISSON.Natan@email44.fr'),
('DAVID','Helena','2000-04-21','F','Sion-les-Mines (44197)','DAVID.Helena@email44.fr'),
('GRASSET','Thaddée','2004-10-13','H','Noyal-sur-Brutz (44112)','GRASSET.Thaddée@email44.fr'),
('RONDEAU','Julien','1979-10-30','F','Petit-Mars (44122)','RONDEAU.Julien@email44.fr'),
('HERVOUET','Sohane','2002-11-05','H','Pornic (44131)','HERVOUET.Sohane@email44.fr'),
('BRIAND','Mady','1998-04-09','F','Mouzeil (44107)','BRIAND.Mady@email44.fr'),
('GIRAUDEAU','Abdoulaye','2003-04-18','F','Teillé (44202)','GIRAUDEAU.Abdoulaye@email44.fr'),
('GOBIN','Melody','2008-07-21','F','Saint-André-des-Eaux (44151)','GOBIN.Melody@email44.fr'),
('GIRAUDET','Dan','1988-01-18','F','Sévérac (44196)','GIRAUDET.Dan@email44.fr'),
('PRAUD','Fatouma','1991-05-06','H','Joué-sur-Erdre (44077)','PRAUD.Fatouma@email44.fr'),
('PACAUD','Nayel','1982-10-20','H','Vue (44220)','PACAUD.Nayel@email44.fr'),
('JEANNEAU','Soumaya','1982-10-19','H','La Planche (44127)','JEANNEAU.Soumaya@email44.fr'),
('BLANDIN','Patricia','1977-10-20','F','Saint-Nicolas-de-Redon (44185)','BLANDIN.Patricia@email44.fr'),
('DOUET','Yaron','1974-05-22','H','Grandchamps-des-Fontaines (44066)','DOUET.Yaron@email44.fr'),
('DELALANDE','Eyal','1989-10-14','H','La Bernerie-en-Retz (44012)','DELALANDE.Eyal@email44.fr'),
('PELLERIN','Suzon','2002-02-18','F','Saint-Hilaire-de-Chaléons (44164)','PELLERIN.Suzon@email44.fr'),
('BARREAU','Oumar','2000-08-07','F','Oudon (44115)','BARREAU.Oumar@email44.fr'),
('PITON','Jessy','1992-09-05','H','Issé (44075)','PITON.Jessy@email44.fr'),
('NOURY','Yanni','2002-03-01','F','Lavau-sur-Loire (44080)','NOURY.Yanni@email44.fr'),
('DUGAST','Michael','1984-03-07','F','Saint-Hilaire-de-Chaléons (44164)','DUGAST.Michael@email44.fr'),
('DOUET','Rayane','1974-02-28','F','Pannecé (44118)','DOUET.Rayane@email44.fr'),
('AUFFRAY','Rebecca','1994-08-31','H','Saint-Molf (44183)','AUFFRAY.Rebecca@email44.fr'),
('GICQUEL','Delia','1978-12-02','F','La Remaudière (44141)','GICQUEL.Delia@email44.fr'),
('BATARD','Ayden','2005-05-07','H','Saint-Julien-de-Concelles (44169)','BATARD.Ayden@email44.fr'),
('GRIMAUD','Naomi','1995-04-03','H','Châteaubriant (44036)','GRIMAUD.Naomi@email44.fr'),
('FOURRIER','Rami','2002-11-07','F','La Marne (44090)','FOURRIER.Rami@email44.fr'),
('THIBAUD','Balkis','1986-07-24','H','Villepot (44218)','THIBAUD.Balkis@email44.fr'),
('BERTAUD','Lya','2005-02-27','F','Pannecé (44118)','BERTAUD.Lya@email44.fr'),
('BLANDIN','Fatiha','1992-09-24','H','Saint-Joachim (44168)','BLANDIN.Fatiha@email44.fr'),
('BACHELIER','Saja','2007-10-10','H','Corsept (44046)','BACHELIER.Saja@email44.fr'),
('BLANDIN','Honoré','1974-03-12','F','Pornic (44131)','BLANDIN.Honoré@email44.fr'),
('PRAUD','Racha','1991-08-22','F','Villepot (44218)','PRAUD.Racha@email44.fr'),
('FERRE','Leonard','1996-05-10','F','Jans (44076)','FERRE.Leonard@email44.fr'),
('GIRAUDEAU','Tiago','1995-02-19','F','Mesquer (44097)','GIRAUDEAU.Tiago@email44.fr'),
('LEMARIE','Nala','2003-09-19','F','Saint-Nazaire (44184)','LEMARIE.Nala@email44.fr'),
('DOUET','Liam','1979-10-01','H','Assérac (44006)','DOUET.Liam@email44.fr'),
('PACAUD','Shaïly','1989-04-10','F','La Boissière-du-Doré (44016)','PACAUD.Shaïly@email44.fr'),
('PINARD','Joan','2011-12-30','F','Vertou (44215)','PINARD.Joan@email44.fr'),
('MORTIER','Idan','2009-10-15','F','Thouaré-sur-Loire (44204)','MORTIER.Idan@email44.fr'),
('LEDUC','Edgard','2004-09-19','H','Sainte-Pazanne (44186)','LEDUC.Edgard@email44.fr'),
('FONTENEAU','Sékou','1992-08-27','F','Juigné-des-Moutiers (44078)','FONTENEAU.Sékou@email44.fr'),
('GUIBERT','Leyna','1987-10-25','F','Gorges (44064)','GUIBERT.Leyna@email44.fr'),
('BERTHO','Armand','1994-03-13','H','Monnières (44100)','BERTHO.Armand@email44.fr'),
('LAUNAY','Théa','1980-01-24','F','Herbignac (44072)','LAUNAY.Théa@email44.fr'),
('POULARD','Celeste','2005-12-04','F','Saint-Nazaire (44184)','POULARD.Celeste@email44.fr'),
('GUILLOU','Kayden','1970-09-21','H','Saint-Fiacre-sur-Maine (44159)','GUILLOU.Kayden@email44.fr'),
('CLOUET','Mélissa','1987-03-14','H','Pontchâteau (44129)','CLOUET.Mélissa@email44.fr'),
('DOUET','Mehdi','1975-05-21','H','Saint-Michel-Chef-Chef (44182)','DOUET.Mehdi@email44.fr'),
('HERVOUET','Racim','1998-02-05','F','Villepot (44218)','HERVOUET.Racim@email44.fr'),
('GUITTON','Aria','1979-05-08','F','Massérac (44092)','GUITTON.Aria@email44.fr'),
('MENAGER','Thibaud','1980-10-12','F','Noyal-sur-Brutz (44112)','MENAGER.Thibaud@email44.fr'),
('MORTIER','Maxence','1974-05-28','H','Rouans (44145)','MORTIER.Maxence@email44.fr'),
('GUILLARD','Federico','1997-01-23','F','Fégréac (44057)','GUILLARD.Federico@email44.fr'),
('CHAUVEL','Ambrine','2004-07-07','F','Treffieux (44208)','CHAUVEL.Ambrine@email44.fr'),
('DUGUE','Oussama','2007-02-09','F','Saint-Aubin-des-Châteaux (44153)','DUGUE.Oussama@email44.fr'),
('GOURDON','Aïden','1988-02-18','H','Quilly (44139)','GOURDON.Aïden@email44.fr'),
('BIDET','Theo','1978-04-23','F','La Plaine-sur-Mer (44126)','BIDET.Theo@email44.fr'),
('HERBRETEAU','Nell','1978-09-15','H','Carquefou (44026)','HERBRETEAU.Nell@email44.fr'),
('BOSSE','Karamba','2011-05-12','H','Saint-Lumine-de-Clisson (44173)','BOSSE.Karamba@email44.fr'),
('LANDAIS','Zacharia','1999-06-05','F','Soulvache (44200)','LANDAIS.Zacharia@email44.fr'),
('RIO','Siloé','2011-04-17','H','Remouillé (44142)','RIO.Siloé@email44.fr'),
('DAVID','Élise','2005-10-06','H','Abbaretz (44001)','DAVID.Élise@email44.fr'),
('CHAILLOU','Christina','1994-11-07','H','Fégréac (44057)','CHAILLOU.Christina@email44.fr'),
('MORTIER','Matthew','1982-08-05','F','Legé (44081)','MORTIER.Matthew@email44.fr'),
('CHAPRON','Kahina','2008-10-30','H','Château-Thébaud (44037)','CHAPRON.Kahina@email44.fr'),
('PEDRON','Roxane','1991-10-29','H','Juigné-des-Moutiers (44078)','PEDRON.Roxane@email44.fr'),
('LEBERT','Jihane','1997-04-05','F','Pannecé (44118)','LEBERT.Jihane@email44.fr'),
('DELANOE','Rime','2011-02-01','H','Crossac (44050)','DELANOE.Rime@email44.fr'),
('RIO','Faël','1994-07-24','F','Le Gâvre (44062)','RIO.Faël@email44.fr'),
('PORCHER','Nolan','1997-09-07','H','Vallet (44212)','PORCHER.Nolan@email44.fr'),
('BIDET','Ayan','1990-01-03','F','Les Moutiers-en-Retz (44106)','BIDET.Ayan@email44.fr'),
('GRELIER','Mazen','1983-02-08','F','Pannecé (44118)','GRELIER.Mazen@email44.fr'),
('LEVESQUE','Tosca','2009-01-13','F','Saint-Léger-les-Vignes (44171)','LEVESQUE.Tosca@email44.fr'),
('RONDEAU','Coraline','2009-01-03','F','Nozay (44113)','RONDEAU.Coraline@email44.fr'),
('HAREL','Moulay','1985-10-16','F','Carquefou (44026)','HAREL.Moulay@email44.fr'),
('AUBIN','Yusuf','1972-10-06','F','Herbignac (44072)','AUBIN.Yusuf@email44.fr'),
('MAISONNEUVE','Mansour','2000-06-17','F','Le Loroux-Bottereau (44084)','MAISONNEUVE.Mansour@email44.fr'),
('BLANDIN','Fadi','1999-10-01','F','Le Pellerin (44120)','BLANDIN.Fadi@email44.fr'),
('CHAPRON','Rose','1982-02-16','F','Oudon (44115)','CHAPRON.Rose@email44.fr'),
('GALLAIS','Layane','1995-06-21','F','La Haie-Fouassière (44070)','GALLAIS.Layane@email44.fr'),
('MORTIER','Aisha','1973-01-22','H','Touvois (44206)','MORTIER.Aisha@email44.fr'),
('LANOE','Réphaël','2002-08-24','F','Pontchâteau (44129)','LANOE.Réphaël@email44.fr'),
('RIO','Ihsan','1990-08-31','F','Grand-Auverné (44065)','RIO.Ihsan@email44.fr'),
('FOUCHER','Shelly','1983-01-31','H','Sucé-sur-Erdre (44201)','FOUCHER.Shelly@email44.fr'),
('BODET','Noemi','1979-09-06','F','Indre (44074)','BODET.Noemi@email44.fr'),
('POULARD','Eryne','2005-01-01','H','Riaillé (44144)','POULARD.Eryne@email44.fr'),
('GASNIER','Rayhana','2004-10-30','H','Massérac (44092)','GASNIER.Rayhana@email44.fr'),
('HAREL','Elio','1999-02-14','F','Touvois (44206)','HAREL.Elio@email44.fr'),
('FOUCHER','Erwann','1993-12-08','H','Couffé (44048)','FOUCHER.Erwann@email44.fr'),
('CHEREAU','Félicité','1979-01-19','H','Montrelais (44104)','CHEREAU.Félicité@email44.fr'),
('GIRAUDEAU','Aïcha','1985-09-07','F','Brains (44024)','GIRAUDEAU.Aïcha@email44.fr'),
('ALLAIN','Minh','1998-05-18','F','Pierric (44123)','ALLAIN.Minh@email44.fr'),
('ALLAIS','Sandro','1981-06-28','F','Mesquer (44097)','ALLAIS.Sandro@email44.fr'),
('CHEREAU','Yesmine','1972-06-21','F','Assérac (44006)','CHEREAU.Yesmine@email44.fr'),
('LEDUC','Marnie','2009-08-23','F','Villeneuve-en-Retz (44021)','LEDUC.Marnie@email44.fr'),
('GIRAUDET','Ahmed','2009-12-04','H','Mouais (44105)','GIRAUDET.Ahmed@email44.fr'),
('DANET','Zeyneb','1995-07-11','H','Missillac (44098)','DANET.Zeyneb@email44.fr'),
('BERNIER','Mohamed-Amine','1982-09-03','F','La Roche-Blanche (44222)','BERNIER.Mohamed-Amine@email44.fr'),
('PEDRON','Christ','1976-01-23','F','Remouillé (44142)','PEDRON.Christ@email44.fr'),
('GICQUEL','Yohann','1989-06-26','H','Cheix-en-Retz (44039)','GICQUEL.Yohann@email44.fr'),
('LELOUP','Léanne','2009-03-17','H','Basse-Goulaine (44009)','LELOUP.Léanne@email44.fr'),
('OUVRARD','Sixte','1992-03-07','H','Les Sorinières (44198)','OUVRARD.Sixte@email44.fr'),
('CHAUVEL','Amaya','2010-04-02','F','Machecoul-Saint-Même (44087)','CHAUVEL.Amaya@email44.fr'),
('DAVID','Elina','1980-08-27','H','Massérac (44092)','DAVID.Elina@email44.fr'),
('MALARD','Sarah','1974-07-23','H','Bouvron (44023)','MALARD.Sarah@email44.fr'),
('GOBIN','Jessie','2000-06-27','H','La Limouzinière (44083)','GOBIN.Jessie@email44.fr'),
('RONDEAU','Layane','1983-03-24','H','Bouaye (44018)','RONDEAU.Layane@email44.fr'),
('BROCHARD','Roxane','2003-04-30','F','Gorges (44064)','BROCHARD.Roxane@email44.fr'),
('BOSSE','Aissata','1986-02-16','F','Saint-Jean-de-Boiseau (44166)','BOSSE.Aissata@email44.fr'),
('BRISSON','Abdoul','2009-01-25','H','Pierric (44123)','BRISSON.Abdoul@email44.fr'),
('BIRON','Bastian','1970-03-16','F','Villepot (44218)','BIRON.Bastian@email44.fr'),
('HAREL','Kendrick','1976-06-03','F','Saint-Lumine-de-Clisson (44173)','HAREL.Kendrick@email44.fr'),
('SAULNIER','Haroun','1990-02-04','H','Quilly (44139)','SAULNIER.Haroun@email44.fr'),
('LECOQ','Hidaya','2000-08-03','F','Bouguenais (44020)','LECOQ.Hidaya@email44.fr'),
('HERBRETEAU','Sandy','1989-04-19','H','Pouillé-les-Côteaux (44134)','HERBRETEAU.Sandy@email44.fr'),
('MENARD','Azélie','1973-11-01','F','Saint-Aubin-des-Châteaux (44153)','MENARD.Azélie@email44.fr'),
('BOURDEAU','Eva','2003-02-09','F','Mauves-sur-Loire (44094)','BOURDEAU.Eva@email44.fr'),
('LEVESQUE','Anne','1991-10-11','F','Port-Saint-Père (44133)','LEVESQUE.Anne@email44.fr'),
('DOUSSET','Cyprien','2009-11-07','F','La Haie-Fouassière (44070)','DOUSSET.Cyprien@email44.fr'),
('GUILLOTEAU','Vanessa','2001-10-22','H','Piriac-sur-Mer (44125)','GUILLOTEAU.Vanessa@email44.fr'),
('NEAU','Max','1983-12-24','F','La Chapelle-Glain (44031)','NEAU.Max@email44.fr'),
('GUILBAUD','Fanta','1994-12-18','H','Bouée (44019)','GUILBAUD.Fanta@email44.fr'),
('MORICE','Beatrice','1994-09-01','F','Herbignac (44072)','MORICE.Beatrice@email44.fr'),
('TERRIEN','Mina','1972-11-29','F','Gétigné (44063)','TERRIEN.Mina@email44.fr'),
('DUPAS','Maël','2007-12-24','F','Trans-sur-Erdre (44207)','DUPAS.Maël@email44.fr'),
('HERBRETEAU','Maéva','1976-10-03','F','Sainte-Reine-de-Bretagne (44189)','HERBRETEAU.Maéva@email44.fr'),
('BOURGET','Jassim','1973-03-22','F','Nort-sur-Erdre (44110)','BOURGET.Jassim@email44.fr'),
('HERBRETEAU','Eden','1976-01-27','F','Vieillevigne (44216)','HERBRETEAU.Eden@email44.fr'),
('ALLAIN','Marlon','1999-02-12','F','Monnières (44100)','ALLAIN.Marlon@email44.fr'),
('HERVOUET','Gauthier','1993-03-14','F','Bouaye (44018)','HERVOUET.Gauthier@email44.fr'),
('JUHEL','Eyal','1990-02-22','F','Saint-Mars-du-Désert (44179)','JUHEL.Eyal@email44.fr'),
('VERGER','Romy','2005-12-31','H','Piriac-sur-Mer (44125)','VERGER.Romy@email44.fr'),
('BOURGET','Daphnée','1974-01-25','F','Ligné (44082)','BOURGET.Daphnée@email44.fr'),
('VINET','Rivka','2004-01-09','F','Geneston (44223)','VINET.Rivka@email44.fr'),
('GUILLOTEAU','Éloi','2007-01-25','H','La Marne (44090)','GUILLOTEAU.Éloi@email44.fr'),
('GUITTON','Nolann','1976-02-17','H','Saint-Colomban (44155)','GUITTON.Nolann@email44.fr'),
('HERY','Sébastien','2009-11-27','F','Montbert (44102)','HERY.Sébastien@email44.fr'),
('DESBOIS','Laure','1975-04-09','H','Saint-Lyphard (44175)','DESBOIS.Laure@email44.fr'),
('LECHAT','Rafael','2005-03-20','F','Notre-Dame-des-Landes (44111)','LECHAT.Rafael@email44.fr'),
('BRIAND','Lino','2004-02-10','F','Cordemais (44045)','BRIAND.Lino@email44.fr'),
('MANDIN','Johann','2005-12-14','H','Mesquer (44097)','MANDIN.Johann@email44.fr'),
('MARCHAIS','Charlotte','1971-10-12','H','La Chevallerais (44221)','MARCHAIS.Charlotte@email44.fr'),
('GRIMAUD','Ysé','1996-09-09','F','La Chapelle-Glain (44031)','GRIMAUD.Ysé@email44.fr'),
('CLAVIER','Arman','1999-10-09','F','Guenrouet (44068)','CLAVIER.Arman@email44.fr'),
('CAILLON','Layanah','2008-10-06','F','Le Croisic (44049)','CAILLON.Layanah@email44.fr'),
('POUVREAU','Layana','1975-09-02','H','Corsept (44046)','POUVREAU.Layana@email44.fr'),
('HERVE','Renaud','2008-04-20','H','Blain (44015)','HERVE.Renaud@email44.fr'),
('AUGEREAU','Yosra','1986-05-20','F','Saint-Colomban (44155)','AUGEREAU.Yosra@email44.fr'),
('GENDRON','Anass','2008-07-24','F','Sainte-Reine-de-Bretagne (44189)','GENDRON.Anass@email44.fr'),
('PITON','Leandro','1999-05-09','H','Paulx (44119)','PITON.Leandro@email44.fr'),
('CAILLON','Beya','2010-01-02','F','Sainte-Reine-de-Bretagne (44189)','CAILLON.Beya@email44.fr'),
('GRASSET','Alia','2009-08-17','H','Saint-Mars-du-Désert (44179)','GRASSET.Alia@email44.fr'),
('OUVRARD','Vanessa','1995-05-31','F','Derval (44051)','OUVRARD.Vanessa@email44.fr'),
('CHAPRON','Adem','1978-05-25','F','Trignac (44210)','CHAPRON.Adem@email44.fr'),
('AUFFRAY','Matisse','1995-02-02','H','La Boissière-du-Doré (44016)','AUFFRAY.Matisse@email44.fr'),
('LANDAIS','Daniel','1980-06-27','F','Sautron (44194)','LANDAIS.Daniel@email44.fr'),
('AUGEREAU','Léopold','2003-08-21','H','Soudan (44199)','AUGEREAU.Léopold@email44.fr'),
('PINEL','Aissatou','1983-09-13','H','Issé (44075)','PINEL.Aissatou@email44.fr'),
('GICQUEL','Yakoub','1994-11-20','H','Saint-Julien-de-Concelles (44169)','GICQUEL.Yakoub@email44.fr'),
('DUGAST','Hayden','1988-10-31','F','Soudan (44199)','DUGAST.Hayden@email44.fr'),
('CLAVIER','Paloma','1988-02-06','F','Erbray (44054)','CLAVIER.Paloma@email44.fr'),
('GUILLE','Maho','1982-09-22','H','Batz-sur-Mer (44010)','GUILLE.Maho@email44.fr'),
('LEMARIE','Isabelle','1981-03-27','F','Haute-Goulaine (44071)','LEMARIE.Isabelle@email44.fr'),
('GAUDIN','Hawa','2011-08-28','F','La Baule-Escoublac (44055)','GAUDIN.Hawa@email44.fr'),
('GUILLOTEAU','Jawed','1972-05-16','H','Monnières (44100)','GUILLOTEAU.Jawed@email44.fr'),
('PITON','Georges','1995-08-16','F','La Montagne (44101)','PITON.Georges@email44.fr'),
('DENIEL','Timothy','1986-11-07','H','Le Pallet (44117)','DENIEL.Timothy@email44.fr'),
('DENIEL','Maryam','1975-03-12','F','Grand-Auverné (44065)','DENIEL.Maryam@email44.fr'),
('DROUET','Philippa','2009-12-14','H','Le Croisic (44049)','DROUET.Philippa@email44.fr'),
('MANDIN','Riwan','1997-08-01','F','Fégréac (44057)','MANDIN.Riwan@email44.fr'),
('LABARRE','Abou','1988-03-26','H','Ancenis-Saint-Géréon (44003)','LABARRE.Abou@email44.fr'),
('BAUDOUIN','Abdelaziz','1983-04-15','H','La Montagne (44101)','BAUDOUIN.Abdelaziz@email44.fr'),
('SAULNIER','Elyne','1991-04-24','F','La Remaudière (44141)','SAULNIER.Elyne@email44.fr'),
('DELANOE','Marion','1987-02-13','H','Boussay (44022)','DELANOE.Marion@email44.fr'),
('GAUDIN','Soan','2006-09-16','H','La Boissière-du-Doré (44016)','GAUDIN.Soan@email44.fr'),
('GIRAUDET','Firdaws','1983-04-25','H','Saint-André-des-Eaux (44151)','GIRAUDET.Firdaws@email44.fr'),
('JUHEL','Lola','1983-11-09','F','Saint-Brevin-les-Pins (44154)','JUHEL.Lola@email44.fr'),
('BODET','Kamil','1988-09-04','H','Aigrefeuille-sur-Maine (44002)','BODET.Kamil@email44.fr'),
('TESSIER','Reine','2003-08-25','F','La Bernerie-en-Retz (44012)','TESSIER.Reine@email44.fr'),
('MOISAN','Réda','1970-11-04','H','Mésanger (44096)','MOISAN.Réda@email44.fr'),
('DESBOIS','Gladys','1978-12-01','H','Mauves-sur-Loire (44094)','DESBOIS.Gladys@email44.fr'),
('LEGEAY','Francesca','1987-08-31','H','Saint-Nazaire (44184)','LEGEAY.Francesca@email44.fr'),
('BUREAU','Marco','1979-01-28','H','Le Pin (44124)','BUREAU.Marco@email44.fr'),
('BOURGET','Maayane','1976-01-28','H','Plessé (44128)','BOURGET.Maayane@email44.fr'),
('PINEAU','Leonardo','1989-09-14','H','La Chapelle-Heulin (44032)','PINEAU.Leonardo@email44.fr'),
('BESNIER','Mélisande','1975-06-04','H','Chaumes-en-Retz (44005)','BESNIER.Mélisande@email44.fr'),
('GOURDON','Shanaya','1972-07-11','F','Erbray (44054)','GOURDON.Shanaya@email44.fr'),
('LEBERT','Viktoria','1989-06-05','F','La Chevallerais (44221)','LEBERT.Viktoria@email44.fr'),
('HUCHET','Assa','1989-04-24','F','La Planche (44127)','HUCHET.Assa@email44.fr'),
('DUGAST','Yvan','1972-08-31','F','Saint-Molf (44183)','DUGAST.Yvan@email44.fr'),
('CHIRON','Kate','1987-06-25','F','Geneston (44223)','CHIRON.Kate@email44.fr'),
('CHOTARD','Christophe','2005-08-19','F','Cordemais (44045)','CHOTARD.Christophe@email44.fr'),
('HERVE','Ariana','1978-08-13','H','Corsept (44046)','HERVE.Ariana@email44.fr'),
('PROVOST','Moustapha','1979-09-26','F','Saint-Mars-de-Coutais (44178)','PROVOST.Moustapha@email44.fr'),
('ROUE','Alpha','1994-08-01','H','Les Sorinières (44198)','ROUE.Alpha@email44.fr'),
('CHEREAU','Nine','1974-06-01','F','Conquereuil (44044)','CHEREAU.Nine@email44.fr'),
('BURGAUD','Elissa','2007-03-08','F','Grandchamps-des-Fontaines (44066)','BURGAUD.Elissa@email44.fr'),
('LABARRE','Manal','2004-04-25','H','Le Pin (44124)','LABARRE.Manal@email44.fr'),
('DUGAST','Marion','1986-06-23','H','Vieillevigne (44216)','DUGAST.Marion@email44.fr'),
('TUAL','Louan','1990-03-20','F','Divatte-sur-Loire (44029)','TUAL.Louan@email44.fr'),
('SORIN','Mélissande','1978-10-04','H','Saint-Julien-de-Concelles (44169)','SORIN.Mélissande@email44.fr'),
('JOUIN','Josh','1988-09-02','H','La Remaudière (44141)','JOUIN.Josh@email44.fr'),
('JOSSE','Swann','2010-01-22','F','Vay (44214)','JOSSE.Swann@email44.fr'),
('RIVAL','Aristide','1977-01-29','H','Ruffigné (44148)','RIVAL.Aristide@email44.fr'),
('DROUET','Alixe','1989-07-16','F','Le Temple-de-Bretagne (44203)','DROUET.Alixe@email44.fr'),
('VINET','Esma','1989-03-04','H','Thouaré-sur-Loire (44204)','VINET.Esma@email44.fr'),
('MORTIER','Imène','2002-07-05','F','Mésanger (44096)','MORTIER.Imène@email44.fr'),
('MARCHAIS','Yasmine','2008-03-27','H','Nozay (44113)','MARCHAIS.Yasmine@email44.fr'),
('JEANNEAU','Hamza','1994-02-10','H','Bouaye (44018)','JEANNEAU.Hamza@email44.fr'),
('GUILBAUD','Khadidja','1976-04-13','F','La Baule-Escoublac (44055)','GUILBAUD.Khadidja@email44.fr'),
('MINIER','Sharon','1983-03-25','F','La Roche-Blanche (44222)','MINIER.Sharon@email44.fr'),
('DUGAST','Elvire','1970-07-28','H','Besné (44013)','DUGAST.Elvire@email44.fr'),
('LEBERT','Hugues','1973-03-16','F','Ruffigné (44148)','LEBERT.Hugues@email44.fr'),
('MENARD','Nelly','1985-10-20','H','Treffieux (44208)','MENARD.Nelly@email44.fr'),
('JUHEL','Sophia','1974-10-07','H','La Chapelle-Glain (44031)','JUHEL.Sophia@email44.fr'),
('CHAPRON','Joudia','1975-12-08','H','Boussay (44022)','CHAPRON.Joudia@email44.fr'),
('JEANNEAU','Shaïna','2000-06-01','H','Trans-sur-Erdre (44207)','JEANNEAU.Shaïna@email44.fr'),
('LANDAIS','Antoni','1986-02-23','F','Pornic (44131)','LANDAIS.Antoni@email44.fr'),
('MENARD','Kalilou','1979-09-20','F','Legé (44081)','MENARD.Kalilou@email44.fr'),
('POULARD','Isabelle','1977-09-01','F','Monnières (44100)','POULARD.Isabelle@email44.fr'),
('BOURON','Emilien','1991-12-02','H','Saint-André-des-Eaux (44151)','BOURON.Emilien@email44.fr'),
('MAHE','Éden','1973-08-27','H','Crossac (44050)','MAHE.Éden@email44.fr'),
('FONTENEAU','Timoté','1972-12-10','H','Saint-Léger-les-Vignes (44171)','FONTENEAU.Timoté@email44.fr'),
('CLOUET','Skander','1974-07-04','F','La Chapelle-sur-Erdre (44035)','CLOUET.Skander@email44.fr'),
('DOUILLARD','Lylia','1988-03-02','H','Villepot (44218)','DOUILLARD.Lylia@email44.fr'),
('FOUCHARD','Calista','2002-06-03','F','Le Pin (44124)','FOUCHARD.Calista@email44.fr'),
('BRIAND','Luz','1986-09-15','F','Juigné-des-Moutiers (44078)','BRIAND.Luz@email44.fr'),
('HERVY','Marie-Alix','1992-09-10','H','Saint-Philbert-de-Grand-Lieu (44188)','HERVY.Marie-Alix@email44.fr'),
('CHEREAU','Neil','1999-10-31','F','Fay-de-Bretagne (44056)','CHEREAU.Neil@email44.fr'),
('DAVID','Pietro','1973-07-25','F','Trans-sur-Erdre (44207)','DAVID.Pietro@email44.fr'),
('BERTHAUD','Yahia','1985-07-17','F','Quilly (44139)','BERTHAUD.Yahia@email44.fr'),
('OUVRARD','Alison','2007-03-20','H','La Chapelle-Glain (44031)','OUVRARD.Alison@email44.fr'),
('NEAU','Haroune','1973-08-02','F','Mésanger (44096)','NEAU.Haroune@email44.fr'),
('CRESPIN','Assil','2007-12-27','H','Besné (44013)','CRESPIN.Assil@email44.fr'),
('OUVRARD','Melissa','1987-11-08','H','Teillé (44202)','OUVRARD.Melissa@email44.fr'),
('POUVREAU','Jayson','2000-10-12','H','Le Gâvre (44062)','POUVREAU.Jayson@email44.fr'),
('DELALANDE','Abdramane','1970-11-10','F','La Boissière-du-Doré (44016)','DELALANDE.Abdramane@email44.fr'),
('GUIBERT','Zacharia','2007-10-28','H','Préfailles (44136)','GUIBERT.Zacharia@email44.fr'),
('BIRON','Domitille','1992-04-16','H','Soudan (44199)','BIRON.Domitille@email44.fr'),
('GAUDET','Ary','2008-10-21','F','Le Croisic (44049)','GAUDET.Ary@email44.fr'),
('MONNIER','Maeva','1987-12-01','H','Saint-Julien-de-Concelles (44169)','MONNIER.Maeva@email44.fr'),
('MENARD','Basil','1985-05-19','H','Juigné-des-Moutiers (44078)','MENARD.Basil@email44.fr'),
('BUSSON','Melvin','1973-06-20','F','La Chapelle-Heulin (44032)','BUSSON.Melvin@email44.fr'),
('DUGUE','Arielle','1990-04-12','H','La Roche-Blanche (44222)','DUGUE.Arielle@email44.fr'),
('MAHE','Marlow','1979-03-24','F','Savenay (44195)','MAHE.Marlow@email44.fr'),
('BOURREAU','Rania','1992-06-29','F','Prinquiau (44137)','BOURREAU.Rania@email44.fr'),
('GAUTIER','Malaïka','1983-05-09','F','Abbaretz (44001)','GAUTIER.Malaïka@email44.fr'),
('NOBLET','Emir','1987-01-05','F','Saint-Lumine-de-Clisson (44173)','NOBLET.Emir@email44.fr'),
('DELALANDE','Silas','1992-05-27','F','La Plaine-sur-Mer (44126)','DELALANDE.Silas@email44.fr'),
('MORICE','Solenn','1988-07-07','F','Saint-Sébastien-sur-Loire (44190)','MORICE.Solenn@email44.fr'),
('DUGUE','Asma','1980-01-09','F','Saint-Fiacre-sur-Maine (44159)','DUGUE.Asma@email44.fr'),
('PROVOST','Ruth','1999-12-25','F','Bouguenais (44020)','PROVOST.Ruth@email44.fr'),
('GENDRON','Valentina','2007-04-24','F','La Chevallerais (44221)','GENDRON.Valentina@email44.fr'),
('CHAPRON','Yani','1979-05-01','H','La Chapelle-Glain (44031)','CHAPRON.Yani@email44.fr'),
('BOURDEAU','Gemma','1973-04-11','F','Saint-Père-en-Retz (44187)','BOURDEAU.Gemma@email44.fr'),
('AUGEREAU','Merwan','1999-12-04','H','Grandchamps-des-Fontaines (44066)','AUGEREAU.Merwan@email44.fr'),
('CHOTARD','Iliana','1983-11-18','H','Sautron (44194)','CHOTARD.Iliana@email44.fr'),
('MOYON','Kayna','2003-01-29','F','Sainte-Luce-sur-Loire (44172)','MOYON.Kayna@email44.fr'),
('BERNIER','Adem','1974-12-12','F','La Meilleraye-de-Bretagne (44095)','BERNIER.Adem@email44.fr'),
('CHAUVEL','Auxence','1993-03-14','H','La Grigonnais (44224)','CHAUVEL.Auxence@email44.fr'),
('BERTHAUD','Karl','1980-08-19','H','Mésanger (44096)','BERTHAUD.Karl@email44.fr'),
('DOUSSET','Talya','2011-03-07','H','Le Bignon (44014)','DOUSSET.Talya@email44.fr'),
('TERRIEN','Oliver','2000-04-18','F','Maisdon-sur-Sèvre (44088)','TERRIEN.Oliver@email44.fr'),
('DUGAST','Eya','2005-06-02','H','Saint-Étienne-de-Montluc (44158)','DUGAST.Eya@email44.fr'),
('FOURRIER','Aliyah','1993-08-04','H','Sainte-Luce-sur-Loire (44172)','FOURRIER.Aliyah@email44.fr'),
('DESBOIS','Yassin','1979-05-06','H','La Meilleraye-de-Bretagne (44095)','DESBOIS.Yassin@email44.fr'),
('PINSON','Haron','1988-03-20','F','Bouaye (44018)','PINSON.Haron@email44.fr'),
('PEDRON','Avigaïl','1983-04-13','F','Abbaretz (44001)','PEDRON.Avigaïl@email44.fr'),
('GAUDIN','Roy','1986-09-30','F','Mouzeil (44107)','GAUDIN.Roy@email44.fr'),
('ROUE','Ralph','1976-09-06','F','Guémené-Penfao (44067)','ROUE.Ralph@email44.fr'),
('BACHELIER','Aharon','1991-06-30','F','Sainte-Pazanne (44186)','BACHELIER.Aharon@email44.fr'),
('LECHAT','Oussama','1986-05-18','H','Bouaye (44018)','LECHAT.Oussama@email44.fr'),
('HEMERY','Ayana','1994-10-15','F','Fay-de-Bretagne (44056)','HEMERY.Ayana@email44.fr'),
('BERNIER','Takumi','1975-10-14','F','Sainte-Luce-sur-Loire (44172)','BERNIER.Takumi@email44.fr'),
('RONDEAU','Mila','1998-07-17','H','Geneston (44223)','RONDEAU.Mila@email44.fr'),
('FOUGERE','Lyham','2011-04-10','F','Jans (44076)','FOUGERE.Lyham@email44.fr'),
('BACHELIER','Fatma','2004-01-17','H','Montrelais (44104)','BACHELIER.Fatma@email44.fr'),
('TERRIEN','Rodolphe','1973-03-17','F','Saint-Philbert-de-Grand-Lieu (44188)','TERRIEN.Rodolphe@email44.fr'),
('EVAIN','Nathan','2003-11-10','H','Joué-sur-Erdre (44077)','EVAIN.Nathan@email44.fr'),
('LEMARIE','Maximilian','2006-06-13','F','Assérac (44006)','LEMARIE.Maximilian@email44.fr'),
('BOURDEAU','Élisa','2009-03-03','F','Indre (44074)','BOURDEAU.Élisa@email44.fr'),
('LERAT','Aïden','2005-12-17','F','Les Sorinières (44198)','LERAT.Aïden@email44.fr'),
('BLAIS','Flavien','1997-02-20','F','Gorges (44064)','BLAIS.Flavien@email44.fr'),
('CHAUVET','Farah','1991-01-16','F','Mouzillon (44108)','CHAUVET.Farah@email44.fr'),
('MORISSEAU','Thaddée','1972-11-28','H','Paulx (44119)','MORISSEAU.Thaddée@email44.fr'),
('PRIN','Tim','1986-09-09','F','Corcoué-sur-Logne (44156)','PRIN.Tim@email44.fr'),
('RONDEAU','Aliou','1993-03-19','F','Villeneuve-en-Retz (44021)','RONDEAU.Aliou@email44.fr'),
('LERAY','Achraf','1970-06-26','H','Saint-Lumine-de-Coutais (44174)','LERAY.Achraf@email44.fr'),
('GALLAIS','Jonas','1983-03-13','H','Couëron (44047)','GALLAIS.Jonas@email44.fr'),
('ALLAIRE','Farès','1991-01-07','F','La Regrippière (44140)','ALLAIRE.Farès@email44.fr'),
('NOBLET','Lina','1994-12-01','F','Nantes (44109)','NOBLET.Lina@email44.fr'),
('POULARD','Clara','1990-01-29','F','Saint-Léger-les-Vignes (44171)','POULARD.Clara@email44.fr'),
('LAUNAY','Youmna','1995-02-10','H','Saint-Aignan-Grandlieu (44150)','LAUNAY.Youmna@email44.fr'),
('GILET','Warren','1988-05-15','F','Ruffigné (44148)','GILET.Warren@email44.fr'),
('ALLAIS','Amar','1983-09-19','F','Juigné-des-Moutiers (44078)','ALLAIS.Amar@email44.fr'),
('VERGER','Joanne','1984-05-28','F','Petit-Auverné (44121)','VERGER.Joanne@email44.fr'),
('FONTENEAU','Éléonore','1986-08-31','H','Guémené-Penfao (44067)','FONTENEAU.Éléonore@email44.fr'),
('DUPAS','Darine','2004-04-08','F','Paimbœuf (44116)','DUPAS.Darine@email44.fr'),
('FORGET','Laurine','1992-11-17','H','La Boissière-du-Doré (44016)','FORGET.Laurine@email44.fr'),
('BRIAND','Virginie','1998-06-26','H','Villepot (44218)','BRIAND.Virginie@email44.fr'),
('SORIN','Emmanuelle','1972-09-28','F','Noyal-sur-Brutz (44112)','SORIN.Emmanuelle@email44.fr'),
('CAILLAUD','Hedi','1974-02-27','F','Saint-Aignan-Grandlieu (44150)','CAILLAUD.Hedi@email44.fr'),
('DOUILLARD','Franklin','1998-06-24','F','Conquereuil (44044)','DOUILLARD.Franklin@email44.fr'),
('MOYON','Klara','2011-04-09','F','Saint-Michel-Chef-Chef (44182)','MOYON.Klara@email44.fr'),
('CHAUVET','Ndeye','1973-08-02','F','Massérac (44092)','CHAUVET.Ndeye@email44.fr'),
('LERAY','Lounis','1992-03-22','F','Assérac (44006)','LERAY.Lounis@email44.fr'),
('FOUCHARD','Lylou','1996-10-20','H','Piriac-sur-Mer (44125)','FOUCHARD.Lylou@email44.fr'),
('GRELIER','Ilina','1983-04-06','F','Saint-Fiacre-sur-Maine (44159)','GRELIER.Ilina@email44.fr'),
('GICQUEL','Soline','1976-06-06','F','Le Pellerin (44120)','GICQUEL.Soline@email44.fr'),
('LEVESQUE','Mateusz','1978-06-19','H','Villeneuve-en-Retz (44021)','LEVESQUE.Mateusz@email44.fr'),
('CHEREAU','Roméo','2007-04-09','F','La Baule-Escoublac (44055)','CHEREAU.Roméo@email44.fr'),
('DUGUE','Ernestine','2000-10-24','H','Saint-Colomban (44155)','DUGUE.Ernestine@email44.fr'),
('CRESPIN','Ilyass','2004-12-03','F','Donges (44052)','CRESPIN.Ilyass@email44.fr'),
('PITON','Livio','1990-05-07','F','Bouguenais (44020)','PITON.Livio@email44.fr'),
('DENIEL','Fatimata','1997-03-10','H','Oudon (44115)','DENIEL.Fatimata@email44.fr'),
('VIAUD','Anissa','1987-03-17','F','Saint-Mars-de-Coutais (44178)','VIAUD.Anissa@email44.fr'),
('LEBERT','Nelia','1973-03-08','F','Oudon (44115)','LEBERT.Nelia@email44.fr'),
('FERRE','Aya','1996-07-24','H','Indre (44074)','FERRE.Aya@email44.fr'),
('POUVREAU','Myrtille','1980-02-15','F','Chaumes-en-Retz (44005)','POUVREAU.Myrtille@email44.fr'),
('PINSON','Cheick','1972-05-18','H','Avessac (44007)','PINSON.Cheick@email44.fr'),
('MOYON','Julie','2008-09-24','H','Le Bignon (44014)','MOYON.Julie@email44.fr'),
('AUFFRAY','Leia','1991-09-12','F','Villeneuve-en-Retz (44021)','AUFFRAY.Leia@email44.fr'),
('BIRON','Mariana','1986-01-14','H','Saint-Molf (44183)','BIRON.Mariana@email44.fr'),
('CHARRIER','Inaya','1979-12-11','H','Saint-André-des-Eaux (44151)','CHARRIER.Inaya@email44.fr'),
('FORGET','Ayem','1973-02-14','H','Grandchamps-des-Fontaines (44066)','FORGET.Ayem@email44.fr'),
('DREAN','Erika','1990-03-26','H','Batz-sur-Mer (44010)','DREAN.Erika@email44.fr'),
('BUREAU','Rayan','1983-06-29','F','La Chapelle-des-Marais (44030)','BUREAU.Rayan@email44.fr'),
('DOUSSET','Léane','1997-05-23','H','Saint-Malo-de-Guersac (44176)','DOUSSET.Léane@email44.fr'),
('RENAUD','Antonin','1992-04-24','H','Donges (44052)','RENAUD.Antonin@email44.fr'),
('MARCHAIS','Eliakim','1983-07-19','H','Lusanger (44086)','MARCHAIS.Eliakim@email44.fr'),
('GRELLIER','Mehdi','1995-03-20','F','Vallons-de-l Erdre (44180)','GRELLIER.Mehdi@email44.fr'),
('GOBIN','Shady','1992-01-03','F','Haute-Goulaine (44071)','GOBIN.Shady@email44.fr'),
('NOBLET','Ovadia','1986-05-24','H','Vue (44220)','NOBLET.Ovadia@email44.fr'),
('BOURSIER','Yahia','2010-05-16','F','Frossay (44061)','BOURSIER.Yahia@email44.fr'),
('MENARD','Owen','1997-05-27','H','Louisfert (44085)','MENARD.Owen@email44.fr'),
('MORICE','Layana','1980-02-15','H','Couffé (44048)','MORICE.Layana@email44.fr'),
('MOYON','Eddy','1975-09-30','H','Port-Saint-Père (44133)','MOYON.Eddy@email44.fr'),
('GALLAIS','Adam','2006-06-05','F','Le Pellerin (44120)','GALLAIS.Adam@email44.fr'),
('GENDRON','Leopold','1974-05-29','H','La Regrippière (44140)','GENDRON.Leopold@email44.fr'),
('GENDRON','Ronan','1976-07-14','F','Le Bignon (44014)','GENDRON.Ronan@email44.fr'),
('PERRAUD','Kenza','1978-01-18','H','Mouzeil (44107)','PERRAUD.Kenza@email44.fr'),
('MONNIER','Mariama','1972-07-09','F','Assérac (44006)','MONNIER.Mariama@email44.fr'),
('CHESNEAU','Mélie','1999-04-09','H','Frossay (44061)','CHESNEAU.Mélie@email44.fr'),
('DOUET','Anjali','1975-05-24','F','La Chapelle-Launay (44033)','DOUET.Anjali@email44.fr'),
('MORICE','Gloria','1980-01-28','F','Moisdon-la-Rivière (44099)','MORICE.Gloria@email44.fr'),
('MORICE','Kelyan','1984-08-16','H','Drefféac (44053)','MORICE.Kelyan@email44.fr'),
('PINEL','Nour','2011-10-04','H','Saint-Sébastien-sur-Loire (44190)','PINEL.Nour@email44.fr'),
('RIVAL','Maeva','1998-08-11','F','Saint-Viaud (44192)','RIVAL.Maeva@email44.fr'),
('FAVREAU','Kadidja','1974-08-26','F','Donges (44052)','FAVREAU.Kadidja@email44.fr'),
('CAILLON','Fadi','2008-12-29','H','Carquefou (44026)','CAILLON.Fadi@email44.fr'),
('LEMARIE','Romeo','1977-03-23','H','Trignac (44210)','LEMARIE.Romeo@email44.fr'),
('HERBRETEAU','Purity','1985-08-15','F','Saint-Mars-de-Coutais (44178)','HERBRETEAU.Purity@email44.fr'),
('MORISSEAU','Noa','1993-03-13','H','Plessé (44128)','MORISSEAU.Noa@email44.fr'),
('BERTAUD','William','2010-10-10','H','Notre-Dame-des-Landes (44111)','BERTAUD.William@email44.fr'),
('BOUCARD','Aurelia','1986-11-16','F','Gétigné (44063)','BOUCARD.Aurelia@email44.fr'),
('NOBLET','Emna','1972-04-17','F','Sainte-Pazanne (44186)','NOBLET.Emna@email44.fr'),
('BABIN','Akshaya','1976-12-06','F','Maisdon-sur-Sèvre (44088)','BABIN.Akshaya@email44.fr'),
('BICHON','Mélissa','1985-08-21','F','Vallons-de-l Erdre (44180)','BICHON.Mélissa@email44.fr'),
('MORTIER','Alexane','2011-10-05','H','Châteaubriant (44036)','MORTIER.Alexane@email44.fr'),
('BATARD','Bruno','1975-02-28','F','Cheix-en-Retz (44039)','BATARD.Bruno@email44.fr'),
('CHEREAU','Mehdy','1989-08-12','F','Saint-Étienne-de-Montluc (44158)','CHEREAU.Mehdy@email44.fr'),
('HERBRETEAU','Eline','1994-10-25','F','Mesquer (44097)','HERBRETEAU.Eline@email44.fr'),
('DREAN','Jenny','1979-06-03','H','Saint-Brevin-les-Pins (44154)','DREAN.Jenny@email44.fr'),
('BIDET','Gauthier','1993-10-29','F','Donges (44052)','BIDET.Gauthier@email44.fr'),
('OUVRARD','Muhammad','1979-12-11','F','Issé (44075)','OUVRARD.Muhammad@email44.fr'),
('EVAIN','Baba','1971-02-07','F','Mesquer (44097)','EVAIN.Baba@email44.fr'),
('BIRON','Pablo','1972-05-23','F','Treffieux (44208)','BIRON.Pablo@email44.fr'),
('BABIN','Aby','1999-03-21','H','Geneston (44223)','BABIN.Aby@email44.fr'),
('BARREAU','Layla','2011-08-27','H','Fay-de-Bretagne (44056)','BARREAU.Layla@email44.fr'),
('BRIAND','Cynthia','1988-08-05','H','Haute-Goulaine (44071)','BRIAND.Cynthia@email44.fr'),
('GRASSET','Lylia','1976-12-26','F','Issé (44075)','GRASSET.Lylia@email44.fr'),
('BOUTIN','Mélusine','1988-01-03','F','Legé (44081)','BOUTIN.Mélusine@email44.fr'),
('LAUNAY','Leila','2003-04-10','H','La Chapelle-Glain (44031)','LAUNAY.Leila@email44.fr'),
('GARREAU','Hamidou','1971-10-24','H','Massérac (44092)','GARREAU.Hamidou@email44.fr'),
('LAUNAY','Yamina','1992-06-24','H','Geneston (44223)','LAUNAY.Yamina@email44.fr'),
('BOURCIER','Ayleen','1985-07-04','H','La Chapelle-Heulin (44032)','BOURCIER.Ayleen@email44.fr'),
('BILLY','Lubin','1989-12-04','H','La Chevallerais (44221)','BILLY.Lubin@email44.fr'),
('DELANOE','Zacharie','2004-05-17','F','Gétigné (44063)','DELANOE.Zacharie@email44.fr'),
('BABIN','Florence','1980-07-29','F','Orvault (44114)','BABIN.Florence@email44.fr'),
('LEBERT','Namory','1990-07-29','H','Corsept (44046)','LEBERT.Namory@email44.fr'),
('EVAIN','Dana','2000-09-29','F','Saint-Mars-du-Désert (44179)','EVAIN.Dana@email44.fr'),
('JOUIN','Lorraine','1978-09-19','F','Héric (44073)','JOUIN.Lorraine@email44.fr'),
('BOUYER','Gwenaëlle','1988-03-01','F','Grand-Auverné (44065)','BOUYER.Gwenaëlle@email44.fr'),
('MORICEAU','Béatrice','1981-11-05','H','Villepot (44218)','MORICEAU.Béatrice@email44.fr'),
('OUVRARD','Kahina','1992-08-09','H','Mauves-sur-Loire (44094)','OUVRARD.Kahina@email44.fr'),
('MENAGER','Iban','1970-06-28','F','Riaillé (44144)','MENAGER.Iban@email44.fr'),
('VRIGNAUD','Sandro','1992-03-06','F','Guémené-Penfao (44067)','VRIGNAUD.Sandro@email44.fr'),
('MORICE','Salomon','1993-04-21','F','Cheix-en-Retz (44039)','MORICE.Salomon@email44.fr'),
('GUILBAUD','Xavier','1975-11-15','F','Nozay (44113)','GUILBAUD.Xavier@email44.fr'),
('GOURDON','Eyal','1984-11-06','F','Frossay (44061)','GOURDON.Eyal@email44.fr'),
('MAHE','Nesrine','1994-04-24','F','Saint-Hilaire-de-Clisson (44165)','MAHE.Nesrine@email44.fr'),
('BOUTIN','Aliénor','2002-06-23','F','Fercé (44058)','BOUTIN.Aliénor@email44.fr'),
('BOURON','Ava','1993-03-27','H','Saint-Lyphard (44175)','BOURON.Ava@email44.fr'),
('BOUCARD','Shayma','2001-02-01','F','Marsac-sur-Don (44091)','BOUCARD.Shayma@email44.fr'),
('HAREL','Matteo','1986-01-10','F','La Chapelle-Glain (44031)','HAREL.Matteo@email44.fr'),
('MOISAN','Lazare','1973-02-05','F','La Grigonnais (44224)','MOISAN.Lazare@email44.fr'),
('CHAPRON','Willy','1987-11-22','H','Les Touches (44205)','CHAPRON.Willy@email44.fr'),
('BICHON','Preston','1970-10-17','F','La Marne (44090)','BICHON.Preston@email44.fr'),
('PERRAUD','Philippe','2010-03-16','H','Geneston (44223)','PERRAUD.Philippe@email44.fr'),
('LERAT','Jalil','1975-06-03','H','Guémené-Penfao (44067)','LERAT.Jalil@email44.fr'),
('FORGET','Johnny','2008-12-27','F','Préfailles (44136)','FORGET.Johnny@email44.fr'),
('DOUILLARD','Ranya','2001-12-26','F','Saffré (44149)','DOUILLARD.Ranya@email44.fr'),
('GIRAUDEAU','Salman','1975-01-11','H','Saffré (44149)','GIRAUDEAU.Salman@email44.fr'),
('DENIEL','Emmy','1990-05-02','H','Erbray (44054)','DENIEL.Emmy@email44.fr'),
('GRELIER','Vivien','2006-09-04','F','Quilly (44139)','GRELIER.Vivien@email44.fr'),
('BLANDIN','Céline','1994-09-07','F','Ligné (44082)','BLANDIN.Céline@email44.fr'),
('LANOE','Jérôme','1973-05-13','H','Pouillé-les-Côteaux (44134)','LANOE.Jérôme@email44.fr'),
('BURGAUD','Gaspar','1986-07-25','H','Le Loroux-Bottereau (44084)','BURGAUD.Gaspar@email44.fr'),
('PICAUD','Joana','2003-12-16','F','La Planche (44127)','PICAUD.Joana@email44.fr'),
('SAULNIER','Elyas','1982-06-26','H','Saint-Léger-les-Vignes (44171)','SAULNIER.Elyas@email44.fr'),
('RIVAL','Layla','1984-10-02','F','Gorges (44064)','RIVAL.Layla@email44.fr'),
('GUILLOTEAU','Narimane','1998-10-06','F','Saint-Aignan-Grandlieu (44150)','GUILLOTEAU.Narimane@email44.fr'),
('PACAUD','Kawthar','1971-02-12','H','Saint-Herblain (44162)','PACAUD.Kawthar@email44.fr'),
('BROCHARD','Barbara','2004-12-29','F','Pont-Saint-Martin (44130)','BROCHARD.Barbara@email44.fr'),
('BOSSE','Léa','1981-04-17','H','Treillières (44209)','BOSSE.Léa@email44.fr'),
('AUGEREAU','Sally','1986-03-21','F','Pierric (44123)','AUGEREAU.Sally@email44.fr'),
('RIVAL','Florence','1996-01-17','F','Campbon (44025)','RIVAL.Florence@email44.fr'),
('GUILBAUD','Shaï','1986-03-02','H','Assérac (44006)','GUILBAUD.Shaï@email44.fr'),
('JUHEL','Aicha','1993-03-07','F','La Chapelle-Heulin (44032)','JUHEL.Aicha@email44.fr'),
('MAHE','Johanna','1999-12-29','H','La Planche (44127)','MAHE.Johanna@email44.fr'),
('BOURDEAU','Ambroise','1990-01-17','H','Sainte-Reine-de-Bretagne (44189)','BOURDEAU.Ambroise@email44.fr'),
('LERAT','Raphael','1998-08-06','H','Gorges (44064)','LERAT.Raphael@email44.fr'),
('POULARD','Darine','1994-01-17','F','Saint-Lumine-de-Coutais (44174)','POULARD.Darine@email44.fr'),
('JOSSE','Célestin','1972-05-26','H','Frossay (44061)','JOSSE.Célestin@email44.fr'),
('AUFFRAY','Alina','1996-12-17','F','Geneston (44223)','AUFFRAY.Alina@email44.fr'),
('HEMERY','Anta','1988-01-05','H','Monnières (44100)','HEMERY.Anta@email44.fr'),
('BOURGET','Zadig','1971-01-02','H','Le Pin (44124)','BOURGET.Zadig@email44.fr'),
('GRASSET','Maximilian','1983-10-04','H','Geneston (44223)','GRASSET.Maximilian@email44.fr'),
('GASNIER','Ludivine','2006-03-06','H','Marsac-sur-Don (44091)','GASNIER.Ludivine@email44.fr'),
('BOURCIER','Emilien','1994-10-21','H','Missillac (44098)','BOURCIER.Emilien@email44.fr'),
('GUILLE','Asmaa','1974-04-30','F','Derval (44051)','GUILLE.Asmaa@email44.fr'),
('PROVOST','Aude','1971-09-26','H','Noyal-sur-Brutz (44112)','PROVOST.Aude@email44.fr'),
('CHIRON','Lilie','1974-08-12','F','Les Sorinières (44198)','CHIRON.Lilie@email44.fr'),
('CHIRON','Quitterie','2006-06-10','F','Bouguenais (44020)','CHIRON.Quitterie@email44.fr'),
('NEAU','Yoël','1970-08-22','H','Saint-Aignan-Grandlieu (44150)','NEAU.Yoël@email44.fr'),
('LERAY','Leïna','1991-03-10','F','Saint-André-des-Eaux (44151)','LERAY.Leïna@email44.fr'),
('TESSIER','Niamé','1997-05-31','H','Le Loroux-Bottereau (44084)','TESSIER.Niamé@email44.fr'),
('DOUILLARD','Heidi','2006-08-04','H','Bouvron (44023)','DOUILLARD.Heidi@email44.fr'),
('BOUCARD','Dayan','2001-01-17','F','Oudon (44115)','BOUCARD.Dayan@email44.fr'),
('GIRAUDEAU','Tomas','1978-02-11','F','Clisson (44043)','GIRAUDEAU.Tomas@email44.fr'),
('JOSSE','Hadassa','1971-10-01','H','La Chevallerais (44221)','JOSSE.Hadassa@email44.fr'),
('LEBEAU','Georgia','1971-09-15','H','La Grigonnais (44224)','LEBEAU.Georgia@email44.fr'),
('GIRAUDET','Léanne','2010-11-07','H','Guérande (44069)','GIRAUDET.Léanne@email44.fr'),
('SAULNIER','Ewan','1980-08-20','F','Missillac (44098)','SAULNIER.Ewan@email44.fr'),
('LEMARIE','Eliette','1993-06-07','H','Guenrouet (44068)','LEMARIE.Eliette@email44.fr'),
('HERVY','Noélie','1977-03-16','F','Touvois (44206)','HERVY.Noélie@email44.fr'),
('HAVARD','Aleksandra','1980-07-19','H','Pannecé (44118)','HAVARD.Aleksandra@email44.fr'),
('GASNIER','Aksel','2003-04-27','F','Vair-sur-Loire (44163)','GASNIER.Aksel@email44.fr'),
('GUILLOU','Arslane','1981-06-21','H','Saint-Philbert-de-Grand-Lieu (44188)','GUILLOU.Arslane@email44.fr'),
('LEMARIE','Benoît','1984-07-19','H','La Boissière-du-Doré (44016)','LEMARIE.Benoît@email44.fr'),
('CLAVIER','Annaëlle','1994-07-06','H','La Baule-Escoublac (44055)','CLAVIER.Annaëlle@email44.fr'),
('DUPAS','Theo','1990-02-20','F','Montoir-de-Bretagne (44103)','DUPAS.Theo@email44.fr'),
('BROCHARD','Roman','1977-06-08','F','Carquefou (44026)','BROCHARD.Roman@email44.fr'),
('CHAPRON','Aliou','2008-08-04','H','Trignac (44210)','CHAPRON.Aliou@email44.fr'),
('PROVOST','Ephraïm','2006-11-20','H','Saint-Lumine-de-Coutais (44174)','PROVOST.Ephraïm@email44.fr'),
('NEAU','Luna','1998-02-02','H','Saint-Aignan-Grandlieu (44150)','NEAU.Luna@email44.fr'),
('ALLAIRE','Tony','2002-07-25','H','Trignac (44210)','ALLAIRE.Tony@email44.fr'),
('DANET','Patrick','1977-09-08','H','Paulx (44119)','DANET.Patrick@email44.fr'),
('LEMASSON','Bonnie','1988-08-15','H','Indre (44074)','LEMASSON.Bonnie@email44.fr'),
('DESBOIS','Daouda','1991-08-19','H','Fercé (44058)','DESBOIS.Daouda@email44.fr'),
('CRESPIN','Stella','1975-12-28','H','Saint-Michel-Chef-Chef (44182)','CRESPIN.Stella@email44.fr'),
('BERTHO','Elizabeth','2003-02-26','H','La Roche-Blanche (44222)','BERTHO.Elizabeth@email44.fr'),
('GUITTON','Marguerite','1999-02-20','F','Touvois (44206)','GUITTON.Marguerite@email44.fr'),
('DANET','Anna','1992-05-23','F','Trans-sur-Erdre (44207)','DANET.Anna@email44.fr'),
('GOURDON','Modibo','1995-02-16','F','Juigné-des-Moutiers (44078)','GOURDON.Modibo@email44.fr'),
('DAVID','Andrew','1971-02-24','H','Geneston (44223)','DAVID.Andrew@email44.fr'),
('LANGLAIS','Abdelaziz','2000-02-13','F','Bouvron (44023)','LANGLAIS.Abdelaziz@email44.fr'),
('CHEVILLARD','Izaac','1987-11-20','H','La Roche-Blanche (44222)','CHEVILLARD.Izaac@email44.fr'),
('CLAVIER','Madoussou','1991-09-19','F','Petit-Mars (44122)','CLAVIER.Madoussou@email44.fr'),
('FOUCHER','Yanice','2007-01-23','H','Prinquiau (44137)','FOUCHER.Yanice@email44.fr'),
('GOBIN','Cheikh','1982-11-21','F','Vay (44214)','GOBIN.Cheikh@email44.fr'),
('LANDREAU','Ysée','1980-02-26','F','Saint-Lumine-de-Clisson (44173)','LANDREAU.Ysée@email44.fr'),
('BESNIER','Shayna','1998-01-16','F','Saint-Aignan-Grandlieu (44150)','BESNIER.Shayna@email44.fr'),
('BOSSE','Hélèna','1991-03-22','H','Gétigné (44063)','BOSSE.Hélèna@email44.fr'),
('GAUTIER','Elouan','1987-02-21','H','Pierric (44123)','GAUTIER.Elouan@email44.fr'),
('BOUTIN','Elie','2009-12-22','H','Monnières (44100)','BOUTIN.Elie@email44.fr'),
('PICAUD','Roméo','2001-04-30','H','La Limouzinière (44083)','PICAUD.Roméo@email44.fr'),
('BOURGET','Mattéo','1976-07-10','F','La Haie-Fouassière (44070)','BOURGET.Mattéo@email44.fr'),
('BOSSE','Jean-Christophe','1974-09-29','F','Nozay (44113)','BOSSE.Jean-Christophe@email44.fr'),
('BATARD','Éliott','1984-08-12','H','Teillé (44202)','BATARD.Éliott@email44.fr'),
('HERVE','Katarina','1976-09-30','H','Bouée (44019)','HERVE.Katarina@email44.fr'),
('HERVE','Abd','1987-08-19','H','Saint-Aubin-des-Châteaux (44153)','HERVE.Abd@email44.fr'),
('GUIBERT','Amani','2000-06-05','F','Le Temple-de-Bretagne (44203)','GUIBERT.Amani@email44.fr'),
('FOUCHARD','Maëline','1985-12-15','F','Sainte-Reine-de-Bretagne (44189)','FOUCHARD.Maëline@email44.fr'),
('TESSIER','Philippa','1998-09-21','F','Le Loroux-Bottereau (44084)','TESSIER.Philippa@email44.fr'),
('LERAT','Chloé','2005-07-11','H','Sainte-Luce-sur-Loire (44172)','LERAT.Chloé@email44.fr'),
('MOISAN','Eléanore','2005-04-25','F','Treffieux (44208)','MOISAN.Eléanore@email44.fr'),
('RENAUD','Mylann','1989-07-15','F','Montrelais (44104)','RENAUD.Mylann@email44.fr'),
('CRESPIN','Ambrine','2002-11-11','H','Maisdon-sur-Sèvre (44088)','CRESPIN.Ambrine@email44.fr'),
('AUGEREAU','Naor','1996-10-07','H','La Chapelle-Launay (44033)','AUGEREAU.Naor@email44.fr'),
('BLAIN','Enéa','1983-01-08','F','Vay (44214)','BLAIN.Enéa@email44.fr'),
('HERVE','Sarra','1991-08-04','H','La Chevallerais (44221)','HERVE.Sarra@email44.fr'),
('PINARD','Éléna','1984-11-23','F','Donges (44052)','PINARD.Éléna@email44.fr'),
('CLAVIER','Namizata','2003-10-02','H','Corcoué-sur-Logne (44156)','CLAVIER.Namizata@email44.fr'),
('PINARD','Louay','1976-05-06','H','Saint-Mars-de-Coutais (44178)','PINARD.Louay@email44.fr'),
('TESSIER','Mai','1978-02-20','F','La Boissière-du-Doré (44016)','TESSIER.Mai@email44.fr'),
('TESSIER','Younous','1993-07-28','H','Sainte-Anne-sur-Brivet (44152)','TESSIER.Younous@email44.fr'),
('MONNIER','Ilyass','1974-02-28','H','Ruffigné (44148)','MONNIER.Ilyass@email44.fr'),
('TERRIEN','Kendrick','1999-02-27','F','Le Bignon (44014)','TERRIEN.Kendrick@email44.fr'),
('DENIEL','Myrtille','1976-04-06','F','Trignac (44210)','DENIEL.Myrtille@email44.fr'),
('DUGUE','Appoline','1983-12-01','F','Couëron (44047)','DUGUE.Appoline@email44.fr'),
('GRIMAUD','Tesnime','1981-12-25','H','Crossac (44050)','GRIMAUD.Tesnime@email44.fr'),
('BLAIS','Andréa','2006-02-07','H','Montoir-de-Bretagne (44103)','BLAIS.Andréa@email44.fr'),
('FORGET','Ilef','1970-04-11','H','Saint-Gildas-des-Bois (44161)','FORGET.Ilef@email44.fr'),
('BABIN','Farouk','1982-10-01','F','Missillac (44098)','BABIN.Farouk@email44.fr'),
('BERTHO','Eliane','1970-08-29','H','Bouaye (44018)','BERTHO.Eliane@email44.fr'),
('LEVESQUE','Lorenzo','1994-07-24','H','Les Moutiers-en-Retz (44106)','LEVESQUE.Lorenzo@email44.fr'),
('BATARD','Sibylle','1982-03-05','H','Le Temple-de-Bretagne (44203)','BATARD.Sibylle@email44.fr'),
('CHEVILLARD','Eglantine','1974-01-20','F','Herbignac (44072)','CHEVILLARD.Eglantine@email44.fr'),
('DUPAS','Calie','2010-11-02','H','Casson (44027)','DUPAS.Calie@email44.fr'),
('LANGLAIS','Ludmila','2008-01-30','F','Pierric (44123)','LANGLAIS.Ludmila@email44.fr'),
('DESBOIS','Hicham','1981-07-19','F','Le Pallet (44117)','DESBOIS.Hicham@email44.fr'),
('LECHAT','Lina','1982-04-24','F','Pont-Saint-Martin (44130)','LECHAT.Lina@email44.fr'),
('HAMON','Félicien','1975-09-23','F','Prinquiau (44137)','HAMON.Félicien@email44.fr'),
('LANOE','Rami','1989-01-05','H','La Montagne (44101)','LANOE.Rami@email44.fr'),
('BOURREAU','Xavier','1983-12-18','H','La Meilleraye-de-Bretagne (44095)','BOURREAU.Xavier@email44.fr'),
('MENAGER','Ivy','2001-05-25','F','Saint-Philbert-de-Grand-Lieu (44188)','MENAGER.Ivy@email44.fr'),
('BACHELIER','Mélina','1998-08-20','F','Sautron (44194)','BACHELIER.Mélina@email44.fr'),
('LABARRE','Lilia','1999-05-27','F','Saint-Viaud (44192)','LABARRE.Lilia@email44.fr'),
('MARCHAIS','Noah','1998-11-01','H','La Limouzinière (44083)','MARCHAIS.Noah@email44.fr'),
('ROUE','Kiyan','1972-07-11','H','Carquefou (44026)','ROUE.Kiyan@email44.fr'),
('EVAIN','Ihsan','2007-07-02','F','Saint-Gildas-des-Bois (44161)','EVAIN.Ihsan@email44.fr'),
('GUILLOTEAU','Sékou','1985-04-24','F','Mouzeil (44107)','GUILLOTEAU.Sékou@email44.fr'),
('DOUET','Cecilia','2000-04-11','F','Casson (44027)','DOUET.Cecilia@email44.fr'),
('PELLERIN','Elina','2004-02-13','H','Lusanger (44086)','PELLERIN.Elina@email44.fr'),
('FERRE','Sandy','1992-11-18','F','Noyal-sur-Brutz (44112)','FERRE.Sandy@email44.fr'),
('LANDREAU','Aloïs','1987-10-03','F','Montoir-de-Bretagne (44103)','LANDREAU.Aloïs@email44.fr'),
('GOBIN','Marie-Ange','1995-10-05','F','Ligné (44082)','GOBIN.Marie-Ange@email44.fr'),
('ALLAIRE','Aden','2002-12-05','H','La Chevallerais (44221)','ALLAIRE.Aden@email44.fr'),
('BUREAU','Daoud','2006-01-02','H','Pornichet (44132)','BUREAU.Daoud@email44.fr'),
('GOURDON','Talya','2003-06-19','H','Carquefou (44026)','GOURDON.Talya@email44.fr'),
('BLAIN','Dana','1973-01-22','H','Campbon (44025)','BLAIN.Dana@email44.fr'),
('CLOUET','Khadidiatou','1975-04-21','H','Saint-Nicolas-de-Redon (44185)','CLOUET.Khadidiatou@email44.fr'),
('COQUARD','Lydia','1976-03-03','H','Bouvron (44023)','COQUARD.Lydia@email44.fr'),
('LEMASSON','Aden','1972-05-04','F','Maisdon-sur-Sèvre (44088)','LEMASSON.Aden@email44.fr'),
('LANGLAIS','Fatiha','1990-09-15','F','La Chapelle-Glain (44031)','LANGLAIS.Fatiha@email44.fr'),
('TUAL','Bella','2008-10-01','H','Lavau-sur-Loire (44080)','TUAL.Bella@email44.fr'),
('GOURDON','Albéric','1976-12-16','H','Le Pallet (44117)','GOURDON.Albéric@email44.fr'),
('CRESPIN','Océane','1997-04-23','H','La Planche (44127)','CRESPIN.Océane@email44.fr'),
('FOUCHARD','Yann','2010-09-06','F','Château-Thébaud (44037)','FOUCHARD.Yann@email44.fr'),
('GUILLE','Emir','1992-03-25','F','Nantes (44109)','GUILLE.Emir@email44.fr'),
('FONTENEAU','Sékou','2009-02-09','H','Saint-Étienne-de-Mer-Morte (44157)','FONTENEAU.Sékou@email44.fr'),
('DOUET','Timothy','1984-11-21','F','Basse-Goulaine (44009)','DOUET.Timothy@email44.fr'),
('RIVAL','Mounia','1996-02-12','H','Les Moutiers-en-Retz (44106)','RIVAL.Mounia@email44.fr'),
('BOUCARD','Ayah','1974-08-27','F','Trignac (44210)','BOUCARD.Ayah@email44.fr'),
('BLANDIN','Imene','1992-09-01','H','Chaumes-en-Retz (44005)','BLANDIN.Imene@email44.fr'),
('HEMERY','Nahil','2007-11-25','H','Ancenis-Saint-Géréon (44003)','HEMERY.Nahil@email44.fr'),
('JOUIN','Florentin','2001-05-10','H','Petit-Auverné (44121)','JOUIN.Florentin@email44.fr'),
('DOUET','Amel','1996-08-29','H','Maisdon-sur-Sèvre (44088)','DOUET.Amel@email44.fr'),
('GALLAIS','Hajar','1979-11-16','F','Vigneux-de-Bretagne (44217)','GALLAIS.Hajar@email44.fr'),
('BOURCIER','Béatrice','2003-08-08','F','Paimbœuf (44116)','BOURCIER.Béatrice@email44.fr'),
('GARREAU','Léonore','1974-08-03','H','La Roche-Blanche (44222)','GARREAU.Léonore@email44.fr'),
('GUILLOTIN','Miya','1972-09-01','H','Jans (44076)','GUILLOTIN.Miya@email44.fr'),
('OUVRARD','Ousmane','1973-11-05','H','Sévérac (44196)','OUVRARD.Ousmane@email44.fr'),
('TUAL','Lilas','2003-04-16','F','Saint-Nazaire (44184)','TUAL.Lilas@email44.fr'),
('GIRAUDEAU','Taha','1998-05-27','F','Maisdon-sur-Sèvre (44088)','GIRAUDEAU.Taha@email44.fr'),
('CHIRON','Inza','2001-06-21','F','Port-Saint-Père (44133)','CHIRON.Inza@email44.fr'),
('BERTHAUD','Evy','1979-07-09','F','Mauves-sur-Loire (44094)','BERTHAUD.Evy@email44.fr'),
('CHAUVEL','Roxane','1992-10-18','F','Brains (44024)','CHAUVEL.Roxane@email44.fr'),
('MOYON','Tony','1979-02-25','H','Le Cellier (44028)','MOYON.Tony@email44.fr'),
('GUILBAUD','Lounes','1984-05-02','F','Pontchâteau (44129)','GUILBAUD.Lounes@email44.fr'),
('VRIGNAUD','Fodé','2000-10-14','H','Saint-Julien-de-Vouvantes (44170)','VRIGNAUD.Fodé@email44.fr'),
('GUILLOTEAU','Greta','1997-08-23','F','La Meilleraye-de-Bretagne (44095)','GUILLOTEAU.Greta@email44.fr'),
('BERTHAUD','Gabin','1979-09-19','H','Le Pellerin (44120)','BERTHAUD.Gabin@email44.fr'),
('ROUE','Théophane','2004-06-07','H','La Haie-Fouassière (44070)','ROUE.Théophane@email44.fr'),
('CHAPRON','Maelle','1997-05-09','F','La Haie-Fouassière (44070)','CHAPRON.Maelle@email44.fr'),
('BRISSON','Vittoria','2007-04-16','F','Le Pellerin (44120)','BRISSON.Vittoria@email44.fr'),
('GIRAUDEAU','Tal','1999-03-24','H','La Chapelle-des-Marais (44030)','GIRAUDEAU.Tal@email44.fr'),
('JEANNEAU','Leopold','1997-03-05','F','Pornic (44131)','JEANNEAU.Leopold@email44.fr'),
('CRESPIN','Andrea','1993-01-10','F','Pornic (44131)','CRESPIN.Andrea@email44.fr'),
('CHEVILLARD','Thierno','1979-11-13','F','Nantes (44109)','CHEVILLARD.Thierno@email44.fr'),
('MONNIER','Adèle','1986-04-05','F','Vieillevigne (44216)','MONNIER.Adèle@email44.fr'),
('GRASSET','Youssef','2002-12-22','H','Le Pellerin (44120)','GRASSET.Youssef@email44.fr'),
('MAHE','Lior','1993-11-28','F','La Meilleraye-de-Bretagne (44095)','MAHE.Lior@email44.fr'),
('LEMARIE','Habib','2003-10-07','F','Bouguenais (44020)','LEMARIE.Habib@email44.fr'),
('GASNIER','Wilson','1992-11-24','F','Donges (44052)','GASNIER.Wilson@email44.fr'),
('BABIN','Eliora','1985-05-24','H','Chauvé (44038)','BABIN.Eliora@email44.fr'),
('BOUYER','Safya','1979-06-19','F','La Meilleraye-de-Bretagne (44095)','BOUYER.Safya@email44.fr'),
('DANET','Ilef','2000-05-02','H','Saint-Hilaire-de-Chaléons (44164)','DANET.Ilef@email44.fr'),
('BERNIER','Louca','1993-06-06','F','Treffieux (44208)','BERNIER.Louca@email44.fr'),
('BATARD','Edgard','1973-09-24','H','Saint-Père-en-Retz (44187)','BATARD.Edgard@email44.fr'),
('CHEREAU','Anaïs','1997-07-13','F','Plessé (44128)','CHEREAU.Anaïs@email44.fr'),
('SAULNIER','Layla','1991-01-15','H','Sautron (44194)','SAULNIER.Layla@email44.fr'),
('BUSSON','Elsa','1984-08-20','F','Vair-sur-Loire (44163)','BUSSON.Elsa@email44.fr'),
('DELANOE','Amalia','1971-05-07','F','Orvault (44114)','DELANOE.Amalia@email44.fr'),
('TESSIER','Nisrine','2009-10-04','F','Saint-Aubin-des-Châteaux (44153)','TESSIER.Nisrine@email44.fr'),
('HAREL','Victor','2004-09-09','F','La Chapelle-des-Marais (44030)','HAREL.Victor@email44.fr'),
('BOURGET','Romain','1978-02-16','H','Le Bignon (44014)','BOURGET.Romain@email44.fr'),
('LANGLAIS','Rony','1985-03-18','H','Sainte-Pazanne (44186)','LANGLAIS.Rony@email44.fr'),
('BOURSIER','Junon','2008-07-22','F','Blain (44015)','BOURSIER.Junon@email44.fr'),
('BOURREAU','Nahel','1997-01-17','F','Guérande (44069)','BOURREAU.Nahel@email44.fr'),
('DUGAST','Amine','1992-02-05','F','La Montagne (44101)','DUGAST.Amine@email44.fr'),
('BACHELIER','Maylis','2008-12-12','H','Oudon (44115)','BACHELIER.Maylis@email44.fr'),
('PRAUD','Serge','1976-02-24','F','Erbray (44054)','PRAUD.Serge@email44.fr'),
('LERAY','Badis','1971-03-20','F','Petit-Auverné (44121)','LERAY.Badis@email44.fr'),
('DANET','Jennifer','1992-05-01','F','Saint-Léger-les-Vignes (44171)','DANET.Jennifer@email44.fr'),
('BERTAUD','Shanon','1999-12-30','F','Nantes (44109)','BERTAUD.Shanon@email44.fr'),
('DOUSSET','Pétronille','1984-05-08','F','Port-Saint-Père (44133)','DOUSSET.Pétronille@email44.fr'),
('FAUCHEUX','Allan','2002-10-04','H','Fercé (44058)','FAUCHEUX.Allan@email44.fr'),
('MERLET','Harouna','1997-04-12','H','Legé (44081)','MERLET.Harouna@email44.fr'),
('BROCHARD','Namory','2004-08-31','F','La Chevallerais (44221)','BROCHARD.Namory@email44.fr'),
('GUILBAUD','Emmy','1994-07-12','H','La Baule-Escoublac (44055)','GUILBAUD.Emmy@email44.fr'),
('MACE','Melvyn','1999-05-11','H','Couëron (44047)','MACE.Melvyn@email44.fr'),
('GUIMARD','Youssouf','2001-09-29','F','Drefféac (44053)','GUIMARD.Youssouf@email44.fr'),
('LEDUC','Sékou','1997-05-04','H','Rezé (44143)','LEDUC.Sékou@email44.fr'),
('CLOUET','Eliane','2003-06-25','H','Sautron (44194)','CLOUET.Eliane@email44.fr'),
('BURGAUD','Elouan','1977-07-22','F','Saint-Hilaire-de-Clisson (44165)','BURGAUD.Elouan@email44.fr'),
('EVAIN','Purity','2000-02-13','F','Saint-Malo-de-Guersac (44176)','EVAIN.Purity@email44.fr'),
('HERVOUET','Ayrton','1974-07-06','F','Montbert (44102)','HERVOUET.Ayrton@email44.fr'),
('BRARD','Tahira','1975-12-05','H','La Chevallerais (44221)','BRARD.Tahira@email44.fr'),
('PORCHER','Hind','1996-05-24','H','La Chapelle-des-Marais (44030)','PORCHER.Hind@email44.fr'),
('BUREAU','Marwane','1993-09-06','F','Pierric (44123)','BUREAU.Marwane@email44.fr'),
('MOISAN','Gabriella','2005-09-14','F','Les Moutiers-en-Retz (44106)','MOISAN.Gabriella@email44.fr'),
('ALLAIS','Axelle','1983-01-02','F','Basse-Goulaine (44009)','ALLAIS.Axelle@email44.fr'),
('DANET','Assia','1989-12-25','F','Indre (44074)','DANET.Assia@email44.fr'),
('GRASSET','Pedro','1988-06-07','H','Touvois (44206)','GRASSET.Pedro@email44.fr'),
('PROVOST','India','1973-08-30','H','Pannecé (44118)','PROVOST.India@email44.fr'),
('PACAUD','Séverin','2008-06-27','F','La Roche-Blanche (44222)','PACAUD.Séverin@email44.fr'),
('MORICE','Monique','1978-05-06','H','Sion-les-Mines (44197)','MORICE.Monique@email44.fr'),
('TUAL','Aurélia','2009-07-16','H','Legé (44081)','TUAL.Aurélia@email44.fr'),
('LABARRE','Théodora','1987-01-07','F','Saint-Philbert-de-Grand-Lieu (44188)','LABARRE.Théodora@email44.fr'),
('FAVREAU','Léah','1981-11-13','H','La Planche (44127)','FAVREAU.Léah@email44.fr'),
('LEMASSON','Mehdy','1971-08-08','F','Fercé (44058)','LEMASSON.Mehdy@email44.fr'),
('MORTIER','Liham','1978-12-13','F','Saint-Père-en-Retz (44187)','MORTIER.Liham@email44.fr'),
('GUITTON','Moïse','2011-02-19','F','Rouans (44145)','GUITTON.Moïse@email44.fr'),
('PELLERIN','Vivien','2011-01-26','F','Thouaré-sur-Loire (44204)','PELLERIN.Vivien@email44.fr'),
('PELE','Marina','1973-02-17','F','Saint-Léger-les-Vignes (44171)','PELE.Marina@email44.fr'),
('AUFFRAY','Lilas','1972-11-03','H','Les Moutiers-en-Retz (44106)','AUFFRAY.Lilas@email44.fr'),
('CLOUET','Vincent','2009-07-19','H','Sion-les-Mines (44197)','CLOUET.Vincent@email44.fr'),
('BOUYER','Alessandro','1995-03-09','H','Saint-Philbert-de-Grand-Lieu (44188)','BOUYER.Alessandro@email44.fr'),
('FAUCHEUX','Loubna','2008-11-07','F','Derval (44051)','FAUCHEUX.Loubna@email44.fr'),
('GUILBAUD','Nicole','1984-01-19','F','Saint-Viaud (44192)','GUILBAUD.Nicole@email44.fr'),
('COQUARD','Leya','1993-08-24','H','La Chevallerais (44221)','COQUARD.Leya@email44.fr'),
('EON','Nathaël','1970-01-15','F','La Chapelle-Glain (44031)','EON.Nathaël@email44.fr'),
('GARREAU','Maher','1977-11-22','H','Remouillé (44142)','GARREAU.Maher@email44.fr'),
('GOURDON','Jessica','1988-05-31','F','Saint-Lumine-de-Coutais (44174)','GOURDON.Jessica@email44.fr'),
('FONTENEAU','Chahinez','1980-06-08','F','Pierric (44123)','FONTENEAU.Chahinez@email44.fr'),
('MANDIN','Estéban','2000-08-26','H','Le Loroux-Bottereau (44084)','MANDIN.Estéban@email44.fr'),
('THIBAUD','Isaïah','1999-03-25','F','Rougé (44146)','THIBAUD.Isaïah@email44.fr'),
('MORISSEAU','Eliora','2009-08-17','F','Sucé-sur-Erdre (44201)','MORISSEAU.Eliora@email44.fr'),
('AUBIN','Jordane','1984-08-20','H','Le Gâvre (44062)','AUBIN.Jordane@email44.fr'),
('PINSON','Lindsay','2000-01-06','H','La Marne (44090)','PINSON.Lindsay@email44.fr'),
('MACE','Florent','1986-02-04','H','Saint-Jean-de-Boiseau (44166)','MACE.Florent@email44.fr'),
('CLOUET','Aysha','2005-11-24','H','Crossac (44050)','CLOUET.Aysha@email44.fr'),
('JUHEL','Myriam','1998-06-04','F','Nozay (44113)','JUHEL.Myriam@email44.fr'),
('LANDAIS','Noha','2003-10-03','H','Gétigné (44063)','LANDAIS.Noha@email44.fr'),
('BAUDOUIN','Zahra','2010-06-08','F','Lavau-sur-Loire (44080)','BAUDOUIN.Zahra@email44.fr'),
('PINSON','Ismail','2000-12-15','H','Lavau-sur-Loire (44080)','PINSON.Ismail@email44.fr'),
('BOUYER','Élisa','2006-03-11','H','Cheix-en-Retz (44039)','BOUYER.Élisa@email44.fr'),
('PICAUD','Yassine','1973-04-15','F','Saint-Julien-de-Vouvantes (44170)','PICAUD.Yassine@email44.fr'),
('GRASSET','Marjane','2003-11-04','H','Vertou (44215)','GRASSET.Marjane@email44.fr'),
('LEGEAY','Gaia','1972-12-29','H','Derval (44051)','LEGEAY.Gaia@email44.fr'),
('BOURSIER','Noha','2003-09-11','H','Piriac-sur-Mer (44125)','BOURSIER.Noha@email44.fr'),
('DENIEL','James','1993-05-21','F','Sautron (44194)','DENIEL.James@email44.fr'),
('LERAY','Salima','2004-07-13','H','Maisdon-sur-Sèvre (44088)','LERAY.Salima@email44.fr'),
('BATARD','Dyna','1976-06-09','F','Sainte-Anne-sur-Brivet (44152)','BATARD.Dyna@email44.fr'),
('BLANDIN','Cassie','1997-12-24','F','La Planche (44127)','BLANDIN.Cassie@email44.fr'),
('BABIN','Neïla','1978-09-07','H','Blain (44015)','BABIN.Neïla@email44.fr'),
('NOURY','Maïna','2000-10-02','F','Saint-Herblain (44162)','NOURY.Maïna@email44.fr'),
('GOBIN','Noan','2008-02-27','F','Nort-sur-Erdre (44110)','GOBIN.Noan@email44.fr'),
('ALLAIRE','Boubou','1989-04-11','F','Bouée (44019)','ALLAIRE.Boubou@email44.fr'),
('CHOTARD','Kimi','2010-11-22','H','Moisdon-la-Rivière (44099)','CHOTARD.Kimi@email44.fr'),
('GRELIER','Milo','1972-11-01','H','Pannecé (44118)','GRELIER.Milo@email44.fr'),
('CAILLON','Isis','1971-11-17','F','Port-Saint-Père (44133)','CAILLON.Isis@email44.fr'),
('DREAN','Zeynep','1998-04-30','F','Fégréac (44057)','DREAN.Zeynep@email44.fr'),
('BIDET','Miral','1994-10-05','H','Montbert (44102)','BIDET.Miral@email44.fr'),
('BICHON','Aboubakar','1975-03-20','H','Saint-Joachim (44168)','BICHON.Aboubakar@email44.fr'),
('BOURREAU','Daphné','2000-08-12','H','Grandchamps-des-Fontaines (44066)','BOURREAU.Daphné@email44.fr'),
('BICHON','Abdelkader','1985-04-06','H','Issé (44075)','BICHON.Abdelkader@email44.fr'),
('PROVOST','Solveig','1994-08-24','F','Boussay (44022)','PROVOST.Solveig@email44.fr'),
('MOISAN','Othman','1975-09-06','F','Bouguenais (44020)','MOISAN.Othman@email44.fr'),
('GAUTIER','Zakary','1991-08-05','F','Issé (44075)','GAUTIER.Zakary@email44.fr'),
('CHEREAU','Joshua','1979-04-23','H','Derval (44051)','CHEREAU.Joshua@email44.fr'),
('HUCHET','Naïm','1974-01-09','F','Orvault (44114)','HUCHET.Naïm@email44.fr'),
('PELLERIN','James','1970-08-19','H','Saint-Nicolas-de-Redon (44185)','PELLERIN.James@email44.fr'),
('AUGEREAU','Deborah','2009-01-17','F','Ruffigné (44148)','AUGEREAU.Deborah@email44.fr'),
('MOYON','Dany','2002-04-29','F','La Planche (44127)','MOYON.Dany@email44.fr'),
('GIRAUDEAU','Enola','1997-08-01','F','Joué-sur-Erdre (44077)','GIRAUDEAU.Enola@email44.fr'),
('MONNIER','Ada','1970-05-20','H','La Montagne (44101)','MONNIER.Ada@email44.fr'),
('RENAUD','Yosra','2006-04-18','H','Pontchâteau (44129)','RENAUD.Yosra@email44.fr'),
('DOUILLARD','Noam','1988-03-04','F','Batz-sur-Mer (44010)','DOUILLARD.Noam@email44.fr'),
('TUAL','Solange','1973-12-28','F','Noyal-sur-Brutz (44112)','TUAL.Solange@email44.fr'),
('LANOE','Cheikh','1979-10-10','F','Montrelais (44104)','LANOE.Cheikh@email44.fr'),
('DOUSSET','Hassane','1994-04-12','H','Mauves-sur-Loire (44094)','DOUSSET.Hassane@email44.fr'),
('VINET','Roméo','2011-11-15','H','Moisdon-la-Rivière (44099)','VINET.Roméo@email44.fr'),
('DUGUE','Cyrine','2008-12-22','H','Notre-Dame-des-Landes (44111)','DUGUE.Cyrine@email44.fr'),
('FOUCHARD','Ilyas','1978-03-29','H','Soudan (44199)','FOUCHARD.Ilyas@email44.fr'),
('PELE','Colas','2006-11-30','F','Saint-Jean-de-Boiseau (44166)','PELE.Colas@email44.fr'),
('GAUDET','Muhammed','1971-11-14','F','Saint-Hilaire-de-Chaléons (44164)','GAUDET.Muhammed@email44.fr'),
('GUILLET','Louison','1990-05-02','H','Saint-Julien-de-Concelles (44169)','GUILLET.Louison@email44.fr'),
('CHARRIER','Anna','1982-06-21','H','Joué-sur-Erdre (44077)','CHARRIER.Anna@email44.fr'),
('BURGAUD','Aristide','1993-08-30','H','Saint-Julien-de-Concelles (44169)','BURGAUD.Aristide@email44.fr'),
('NEAU','Tao','2003-07-19','H','Saint-Colomban (44155)','NEAU.Tao@email44.fr'),
('FONTENEAU','Kessy','1998-07-05','H','La Marne (44090)','FONTENEAU.Kessy@email44.fr'),
('VERGER','Laetitia','1995-11-22','H','Corcoué-sur-Logne (44156)','VERGER.Laetitia@email44.fr'),
('GAUDIN','Juan','1986-06-21','F','Nozay (44113)','GAUDIN.Juan@email44.fr'),
('ROUE','Mélissande','1997-03-14','F','Vay (44214)','ROUE.Mélissande@email44.fr'),
('GUILLET','Taha','2004-12-31','F','Jans (44076)','GUILLET.Taha@email44.fr'),
('DAVID','Rafaela','1972-11-18','F','Loireauxence (44213)','DAVID.Rafaela@email44.fr'),
('FERRE','Molly','1995-08-01','F','Montoir-de-Bretagne (44103)','FERRE.Molly@email44.fr'),
('PELE','Félix','1983-08-30','H','La Meilleraye-de-Bretagne (44095)','PELE.Félix@email44.fr'),
('AUBIN','Liel','1999-10-06','F','Maisdon-sur-Sèvre (44088)','AUBIN.Liel@email44.fr'),
('AUFFRAY','Tao','1996-12-11','F','Villeneuve-en-Retz (44021)','AUFFRAY.Tao@email44.fr'),
('FERRE','Jad','1978-02-03','H','Malville (44089)','FERRE.Jad@email44.fr'),
('PELE','Kayla','1981-02-15','F','Saint-Herblain (44162)','PELE.Kayla@email44.fr'),
('PELLERIN','Marina','1998-03-26','H','Conquereuil (44044)','PELLERIN.Marina@email44.fr'),
('BRAUD','Henry','1974-11-27','H','La Haie-Fouassière (44070)','BRAUD.Henry@email44.fr'),
('LEBRETON','Viggo','2002-10-25','F','Le Bignon (44014)','LEBRETON.Viggo@email44.fr'),
('PINEAU','Arwen','1998-01-02','H','Trans-sur-Erdre (44207)','PINEAU.Arwen@email44.fr'),
('CLOUET','Edmond','1978-07-11','H','Le Loroux-Bottereau (44084)','CLOUET.Edmond@email44.fr'),
('PELLERIN','Razane','2001-06-20','H','Mésanger (44096)','PELLERIN.Razane@email44.fr'),
('MORTIER','Yunus','1994-04-21','H','Soudan (44199)','MORTIER.Yunus@email44.fr'),
('OUVRARD','Aymar','1976-03-27','H','Corsept (44046)','OUVRARD.Aymar@email44.fr'),
('DUPAS','Mohamed','1975-10-07','H','Saint-Fiacre-sur-Maine (44159)','DUPAS.Mohamed@email44.fr'),
('BOSSE','Tomas','2002-04-11','F','Rougé (44146)','BOSSE.Tomas@email44.fr'),
('BRIAND','Valeria','1993-07-15','H','Machecoul-Saint-Même (44087)','BRIAND.Valeria@email44.fr'),
('LEBRETON','Éthan','2008-03-10','H','Saint-Hilaire-de-Chaléons (44164)','LEBRETON.Éthan@email44.fr'),
('BOSSE','Bettina','1997-05-07','F','Bouaye (44018)','BOSSE.Bettina@email44.fr'),
('JOUIN','Mélisande','2004-03-12','H','Riaillé (44144)','JOUIN.Mélisande@email44.fr'),
('ROUE','Sara','1985-05-12','F','Nort-sur-Erdre (44110)','ROUE.Sara@email44.fr'),
('GRIMAUD','Ashley','1992-07-07','H','Saint-Fiacre-sur-Maine (44159)','GRIMAUD.Ashley@email44.fr'),
('ALLAIS','Adrian','2000-09-25','F','La Turballe (44211)','ALLAIS.Adrian@email44.fr'),
('DELANOE','Mariama','1970-04-21','F','Bouguenais (44020)','DELANOE.Mariama@email44.fr'),
('JOSSE','Bogdan','1997-09-18','H','Louisfert (44085)','JOSSE.Bogdan@email44.fr'),
('BESNIER','Maïmouna','2009-08-30','F','Plessé (44128)','BESNIER.Maïmouna@email44.fr'),
('BERNIER','Eli','2003-03-12','H','Piriac-sur-Mer (44125)','BERNIER.Eli@email44.fr'),
('GUILLE','Farouk','2000-09-27','H','Bouguenais (44020)','GUILLE.Farouk@email44.fr'),
('GRELLIER','Anais','1978-11-11','H','Mouzillon (44108)','GRELLIER.Anais@email44.fr'),
('SORIN','Orlane','1988-11-11','F','Saint-Nazaire (44184)','SORIN.Orlane@email44.fr'),
('CHIRON','Adan','2003-02-15','H','Drefféac (44053)','CHIRON.Adan@email44.fr'),
('BOURGET','Israël','1970-07-15','F','Bouvron (44023)','BOURGET.Israël@email44.fr'),
('GUILLE','Shawn','1994-04-01','H','Puceul (44138)','GUILLE.Shawn@email44.fr'),
('LANGLAIS','Manuela','1988-07-23','H','Vair-sur-Loire (44163)','LANGLAIS.Manuela@email44.fr'),
('BROCHARD','Mayline','2009-06-06','F','Sautron (44194)','BROCHARD.Mayline@email44.fr'),
('BURGAUD','Gautier','1975-07-15','F','La Bernerie-en-Retz (44012)','BURGAUD.Gautier@email44.fr'),
('BARREAU','Amicie','1977-05-27','F','Sévérac (44196)','BARREAU.Amicie@email44.fr'),
('CHARRIER','Marceau','1985-10-27','F','Saint-Jean-de-Boiseau (44166)','CHARRIER.Marceau@email44.fr'),
('PELLERIN','Mathias','1970-04-11','F','Jans (44076)','PELLERIN.Mathias@email44.fr'),
('GUILLOTIN','Badis','1995-02-19','F','Avessac (44007)','GUILLOTIN.Badis@email44.fr'),
('FORGET','Barthélemy','1986-09-02','F','Sainte-Reine-de-Bretagne (44189)','FORGET.Barthélemy@email44.fr'),
('SAULNIER','Yona','1980-06-23','H','Le Croisic (44049)','SAULNIER.Yona@email44.fr'),
('DELANOE','Feryel','2011-12-14','H','Saint-Julien-de-Concelles (44169)','DELANOE.Feryel@email44.fr'),
('GOBIN','Maimouna','1977-03-31','F','Sucé-sur-Erdre (44201)','GOBIN.Maimouna@email44.fr'),
('MOISAN','Lila','1999-03-10','F','Guémené-Penfao (44067)','MOISAN.Lila@email44.fr'),
('MALARD','Mylan','2004-11-14','H','Saint-Hilaire-de-Clisson (44165)','MALARD.Mylan@email44.fr'),
('TUAL','Anne','2010-08-11','F','Le Pin (44124)','TUAL.Anne@email44.fr'),
('JOSSE','Mani','1975-04-20','H','Montbert (44102)','JOSSE.Mani@email44.fr'),
('CHEVILLARD','Salem','1977-05-23','F','Couëron (44047)','CHEVILLARD.Salem@email44.fr'),
('CHAUVET','Lylia','1985-03-14','F','Rezé (44143)','CHAUVET.Lylia@email44.fr'),
('BOURGET','Ioana','1982-02-27','F','Trans-sur-Erdre (44207)','BOURGET.Ioana@email44.fr'),
('FOUGERE','Typhaine','1997-02-15','F','Saint-Julien-de-Concelles (44169)','FOUGERE.Typhaine@email44.fr'),
('FERRE','Ezra','1970-07-28','H','Saint-Viaud (44192)','FERRE.Ezra@email44.fr'),
('PROVOST','Isild','1979-08-21','F','La Baule-Escoublac (44055)','PROVOST.Isild@email44.fr'),
('HERY','Yuri','1989-01-27','F','Saint-Lumine-de-Coutais (44174)','HERY.Yuri@email44.fr'),
('NOBLET','Safwan','1991-01-25','F','Piriac-sur-Mer (44125)','NOBLET.Safwan@email44.fr'),
('GAUDIN','Kimia','1975-04-29','H','Montrelais (44104)','GAUDIN.Kimia@email44.fr'),
('VINET','Yahia','1986-12-08','F','Saint-Malo-de-Guersac (44176)','VINET.Yahia@email44.fr'),
('VINET','Charlize','1970-03-24','H','Issé (44075)','VINET.Charlize@email44.fr'),
('TERRIEN','Pacôme','1979-06-18','F','Bouvron (44023)','TERRIEN.Pacôme@email44.fr'),
('BARREAU','Solan','1989-12-21','H','Trignac (44210)','BARREAU.Solan@email44.fr'),
('BOURON','Iyed','2010-07-04','H','Issé (44075)','BOURON.Iyed@email44.fr'),
('GUILBAUD','Wiem','2010-03-05','H','Le Cellier (44028)','GUILBAUD.Wiem@email44.fr'),
('GUILBAUD','Ludovic','2003-01-15','H','Aigrefeuille-sur-Maine (44002)','GUILBAUD.Ludovic@email44.fr'),
('HERVY','Stan','2010-05-04','F','Batz-sur-Mer (44010)','HERVY.Stan@email44.fr'),
('NOURY','Constant','2008-09-24','H','Bouvron (44023)','NOURY.Constant@email44.fr'),
('CHEREAU','Robinson','1991-07-10','H','La Montagne (44101)','CHEREAU.Robinson@email44.fr'),
('VIAUD','Kelvin','1970-04-19','H','Vigneux-de-Bretagne (44217)','VIAUD.Kelvin@email44.fr'),
('BIDET','Zayn','1983-04-21','H','Saint-Joachim (44168)','BIDET.Zayn@email44.fr'),
('HERVE','Claire','1976-01-14','H','Sainte-Reine-de-Bretagne (44189)','HERVE.Claire@email44.fr'),
('BOUCARD','Mélody','1972-03-25','H','Drefféac (44053)','BOUCARD.Mélody@email44.fr'),
('MAISONNEUVE','Yunus','1996-12-01','H','Guérande (44069)','MAISONNEUVE.Yunus@email44.fr'),
('GUILLE','Naïm','2007-11-28','H','Saint-Étienne-de-Mer-Morte (44157)','GUILLE.Naïm@email44.fr'),
('BERNIER','Karolina','2010-11-02','H','Quilly (44139)','BERNIER.Karolina@email44.fr'),
('RENAUD','Ysée','1977-08-14','F','Saint-Mars-de-Coutais (44178)','RENAUD.Ysée@email44.fr'),
('BOURCIER','Cali','2002-01-16','H','Boussay (44022)','BOURCIER.Cali@email44.fr'),
('MOISAN','Anouk','1979-03-24','F','Héric (44073)','MOISAN.Anouk@email44.fr'),
('AUFFRAY','Nolhan','1999-11-23','H','Legé (44081)','AUFFRAY.Nolhan@email44.fr'),
('PITON','Domitille','1979-08-18','F','Saint-Aubin-des-Châteaux (44153)','PITON.Domitille@email44.fr'),
('GUILLARD','Ely','1993-07-13','F','Assérac (44006)','GUILLARD.Ely@email44.fr'),
('GILET','Lenny','1994-03-08','F','Haute-Goulaine (44071)','GILET.Lenny@email44.fr'),
('PELE','Eyal','1986-06-01','H','La Planche (44127)','PELE.Eyal@email44.fr'),
('HAMON','Joakim','1987-11-19','F','Savenay (44195)','HAMON.Joakim@email44.fr'),
('FERRE','Merwan','2009-11-11','H','Maisdon-sur-Sèvre (44088)','FERRE.Merwan@email44.fr'),
('BARREAU','Éline','1992-02-05','H','Saint-Joachim (44168)','BARREAU.Éline@email44.fr'),
('BERTAUD','Floriane','1986-01-16','H','Orvault (44114)','BERTAUD.Floriane@email44.fr'),
('AUGEREAU','Barthélemy','1982-08-24','F','Vigneux-de-Bretagne (44217)','AUGEREAU.Barthélemy@email44.fr'),
('MOISAN','Ibtissam','2008-10-01','H','La Regrippière (44140)','MOISAN.Ibtissam@email44.fr'),
('MANDIN','Ronan','2000-06-13','F','Divatte-sur-Loire (44029)','MANDIN.Ronan@email44.fr'),
('PERRAUD','Ysé','1983-11-28','F','Le Bignon (44014)','PERRAUD.Ysé@email44.fr'),
('THIBAUD','Karen','1982-09-13','F','Pontchâteau (44129)','THIBAUD.Karen@email44.fr'),
('GRELLIER','Cléophée','1990-01-10','H','Pannecé (44118)','GRELLIER.Cléophée@email44.fr'),
('BRARD','Anas','1992-07-08','H','Saint-Sébastien-sur-Loire (44190)','BRARD.Anas@email44.fr'),
('GILET','Imene','1985-07-12','F','Le Pellerin (44120)','GILET.Imene@email44.fr'),
('BARREAU','Selena','1983-08-07','H','Sainte-Anne-sur-Brivet (44152)','BARREAU.Selena@email44.fr'),
('LEGEAY','Shahd','1973-06-17','H','Le Pallet (44117)','LEGEAY.Shahd@email44.fr'),
('PINSON','Edmond','1972-06-10','F','Riaillé (44144)','PINSON.Edmond@email44.fr'),
('PRAUD','Lilou','1987-07-14','F','Vair-sur-Loire (44163)','PRAUD.Lilou@email44.fr'),
('GUILLOTEAU','Malia','1977-09-03','F','La Marne (44090)','GUILLOTEAU.Malia@email44.fr'),
('BERTHO','Kamélia','2003-03-19','F','Guérande (44069)','BERTHO.Kamélia@email44.fr'),
('GAUDET','Sophia','2009-12-28','H','Saint-Herblain (44162)','GAUDET.Sophia@email44.fr'),
('AUGEREAU','Madina','1996-10-04','F','Le Gâvre (44062)','AUGEREAU.Madina@email44.fr'),
('BOSSE','Celina','2011-10-02','H','Mouais (44105)','BOSSE.Celina@email44.fr'),
('MORTIER','Luis','1986-07-15','H','Couffé (44048)','MORTIER.Luis@email44.fr'),
('HERY','Penda','1999-10-11','F','Besné (44013)','HERY.Penda@email44.fr'),
('ROUE','Rayane','2011-06-23','H','Saint-Hilaire-de-Chaléons (44164)','ROUE.Rayane@email44.fr'),
('HAVARD','Zayneb','1983-01-18','F','La Chapelle-des-Marais (44030)','HAVARD.Zayneb@email44.fr'),
('MORISSEAU','Ferima','1997-03-09','F','Saint-Étienne-de-Mer-Morte (44157)','MORISSEAU.Ferima@email44.fr'),
('AUFFRAY','Milan','1974-04-18','H','Noyal-sur-Brutz (44112)','AUFFRAY.Milan@email44.fr'),
('DOUSSET','Donatien','2008-11-21','H','Châteaubriant (44036)','DOUSSET.Donatien@email44.fr'),
('BRIAND','Shayna','1999-12-04','F','Saint-Molf (44183)','BRIAND.Shayna@email44.fr'),
('GALLAIS','Yacouba','1983-08-07','H','Haute-Goulaine (44071)','GALLAIS.Yacouba@email44.fr'),
('LEGEAY','Claire','1998-04-09','H','Châteaubriant (44036)','LEGEAY.Claire@email44.fr'),
('GAUDET','Robin','1992-04-17','H','Saint-Lumine-de-Coutais (44174)','GAUDET.Robin@email44.fr'),
('MALARD','Israël','1974-07-05','F','Touvois (44206)','MALARD.Israël@email44.fr'),
('CHOTARD','Benoît','1978-12-05','F','Saint-Vincent-des-Landes (44193)','CHOTARD.Benoît@email44.fr'),
('MARCHAIS','Célestin','1990-11-17','F','Loireauxence (44213)','MARCHAIS.Célestin@email44.fr'),
('AUGEREAU','Baba','1995-06-17','F','Saint-Étienne-de-Montluc (44158)','AUGEREAU.Baba@email44.fr'),
('LELOUP','Theo','1977-02-13','H','Saint-Étienne-de-Mer-Morte (44157)','LELOUP.Theo@email44.fr'),
('ALLAIS','Ugo','2005-03-13','F','Riaillé (44144)','ALLAIS.Ugo@email44.fr'),
('FOURRIER','Théotime','1977-12-16','F','Notre-Dame-des-Landes (44111)','FOURRIER.Théotime@email44.fr'),
('RONDEAU','Madeleine','1978-06-09','F','Herbignac (44072)','RONDEAU.Madeleine@email44.fr'),
('DREAN','Maher','2007-07-13','F','Puceul (44138)','DREAN.Maher@email44.fr'),
('BUREAU','Alessia','1989-10-14','H','Lusanger (44086)','BUREAU.Alessia@email44.fr'),
('BRIAND','Zina','1983-10-29','F','Jans (44076)','BRIAND.Zina@email44.fr'),
('EON','Elizabeth','2011-07-06','H','Saint-Fiacre-sur-Maine (44159)','EON.Elizabeth@email44.fr'),
('MAHE','Tesnim','1975-11-18','H','Bouaye (44018)','MAHE.Tesnim@email44.fr'),
('DOUILLARD','Kendrick','1972-09-19','F','Frossay (44061)','DOUILLARD.Kendrick@email44.fr'),
('GIRAUDET','Saly','1984-05-09','F','La Chapelle-Launay (44033)','GIRAUDET.Saly@email44.fr'),
('BRISSON','Gladys','1973-03-13','F','Batz-sur-Mer (44010)','BRISSON.Gladys@email44.fr'),
('BOURCIER','Marta','1983-09-12','H','Petit-Auverné (44121)','BOURCIER.Marta@email44.fr'),
('BIRON','Quitterie','2009-08-12','F','Saint-Joachim (44168)','BIRON.Quitterie@email44.fr'),
('BAUDOUIN','Alexandra','1996-04-09','F','Le Pallet (44117)','BAUDOUIN.Alexandra@email44.fr'),
('LEBEAU','Rubens','1980-11-12','H','Touvois (44206)','LEBEAU.Rubens@email44.fr'),
('GAUDIN','Alessandro','2006-03-17','H','Machecoul-Saint-Même (44087)','GAUDIN.Alessandro@email44.fr'),
('CHIRON','Prudence','1977-12-07','F','La Meilleraye-de-Bretagne (44095)','CHIRON.Prudence@email44.fr'),
('MAHE','Mohamed-Lamine','2006-01-10','H','Ancenis-Saint-Géréon (44003)','MAHE.Mohamed-Lamine@email44.fr'),
('BERTHAUD','Yoram','1997-08-10','H','Oudon (44115)','BERTHAUD.Yoram@email44.fr'),
('PRIN','Saly','2009-10-12','F','Le Pin (44124)','PRIN.Saly@email44.fr'),
('BOURCIER','Sylvia','1972-05-29','H','La Chapelle-Heulin (44032)','BOURCIER.Sylvia@email44.fr'),
('THIBAUD','Chad','1994-03-30','F','Guenrouet (44068)','THIBAUD.Chad@email44.fr'),
('AUGEREAU','Leopold','1999-11-04','F','Crossac (44050)','AUGEREAU.Leopold@email44.fr'),
('BERTHO','Saliha','1992-12-15','H','Divatte-sur-Loire (44029)','BERTHO.Saliha@email44.fr'),
('FERRE','Foucauld','1971-09-20','F','La Chevrolière (44041)','FERRE.Foucauld@email44.fr'),
('CHAILLOU','Billal','1972-08-07','F','Vieillevigne (44216)','CHAILLOU.Billal@email44.fr'),
('VERGER','Hope','1974-10-09','F','Conquereuil (44044)','VERGER.Hope@email44.fr'),
('DREAN','Malick','1982-07-22','H','Châteaubriant (44036)','DREAN.Malick@email44.fr'),
('BERNIER','Maéva','1976-09-20','F','La Chapelle-Glain (44031)','BERNIER.Maéva@email44.fr'),
('DREAN','Nolann','1982-10-05','H','Pont-Saint-Martin (44130)','DREAN.Nolann@email44.fr'),
('HERVE','Noée','1992-02-17','H','Saint-Mars-de-Coutais (44178)','HERVE.Noée@email44.fr'),
('LEGEAY','Amalia','2003-06-21','F','Saint-Michel-Chef-Chef (44182)','LEGEAY.Amalia@email44.fr'),
('DREAN','Ikrame','2002-11-02','H','Ligné (44082)','DREAN.Ikrame@email44.fr'),
('BARREAU','Meziane','1980-04-05','F','Les Moutiers-en-Retz (44106)','BARREAU.Meziane@email44.fr'),
('LANDREAU','Thaïs','1984-06-30','F','Conquereuil (44044)','LANDREAU.Thaïs@email44.fr'),
('BARREAU','Pape','2006-08-22','H','Mouais (44105)','BARREAU.Pape@email44.fr'),
('TESSIER','Zachary','1989-07-14','H','Drefféac (44053)','TESSIER.Zachary@email44.fr'),
('RIVAL','Hania','1990-11-04','H','Guenrouet (44068)','RIVAL.Hania@email44.fr'),
('HEMERY','Savannah','1990-03-18','H','La Chapelle-des-Marais (44030)','HEMERY.Savannah@email44.fr'),
('FOUCHER','Émile','1977-08-25','F','Marsac-sur-Don (44091)','FOUCHER.Émile@email44.fr'),
('RIVAL','Amadou','1973-02-08','H','Mouzeil (44107)','RIVAL.Amadou@email44.fr'),
('AUGEREAU','Yasmine','1975-09-23','H','Plessé (44128)','AUGEREAU.Yasmine@email44.fr'),
('LEBEAU','Jordan','1977-09-16','H','Oudon (44115)','LEBEAU.Jordan@email44.fr'),
('JOUIN','Angelina','1972-09-09','H','Sion-les-Mines (44197)','JOUIN.Angelina@email44.fr'),
('AUFFRAY','Aksel','2010-11-24','H','Montrelais (44104)','AUFFRAY.Aksel@email44.fr'),
('ALLAIS','Chahinez','1988-06-06','H','Le Pallet (44117)','ALLAIS.Chahinez@email44.fr'),
('BIRON','Perrine','1985-08-26','F','Piriac-sur-Mer (44125)','BIRON.Perrine@email44.fr'),
('HERVOUET','Alycia','1976-11-09','H','Montrelais (44104)','HERVOUET.Alycia@email44.fr'),
('DUPAS','Rami','2009-12-22','H','Vigneux-de-Bretagne (44217)','DUPAS.Rami@email44.fr'),
('BATARD','Layel','1974-11-25','F','Guérande (44069)','BATARD.Layel@email44.fr'),
('DAVID','Meyssa','1999-11-27','F','Bouaye (44018)','DAVID.Meyssa@email44.fr'),
('LELOUP','Tom','1994-01-05','F','Le Bignon (44014)','LELOUP.Tom@email44.fr'),
('FOUCHER','Paul','2011-06-22','F','Erbray (44054)','FOUCHER.Paul@email44.fr'),
('MONNIER','Jeannette','1998-04-06','F','Paimbœuf (44116)','MONNIER.Jeannette@email44.fr'),
('PROVOST','Izaac','2009-04-07','H','Saint-Hilaire-de-Clisson (44165)','PROVOST.Izaac@email44.fr'),
('GILET','Neil','1971-10-15','H','Le Pallet (44117)','GILET.Neil@email44.fr'),
('MORICE','Johana','1995-05-31','H','Joué-sur-Erdre (44077)','MORICE.Johana@email44.fr'),
('PEDRON','Hanaé','1999-02-01','F','Lusanger (44086)','PEDRON.Hanaé@email44.fr'),
('BOURREAU','Allan','1973-09-23','H','Blain (44015)','BOURREAU.Allan@email44.fr'),
('BUREAU','Elio','1981-09-13','F','La Baule-Escoublac (44055)','BUREAU.Elio@email44.fr'),
('GUILLET','Erik','2009-03-03','F','Guémené-Penfao (44067)','GUILLET.Erik@email44.fr'),
('HERY','Marin','1972-09-21','H','Mouais (44105)','HERY.Marin@email44.fr'),
('PROVOST','Houda','1987-05-20','H','Mouzeil (44107)','PROVOST.Houda@email44.fr'),
('MORICEAU','Valentina','1994-09-30','H','Vertou (44215)','MORICEAU.Valentina@email44.fr'),
('CAILLAUD','Wassim','1983-02-16','F','Le Landreau (44079)','CAILLAUD.Wassim@email44.fr'),
('PITON','Noam','1996-03-21','F','Saffré (44149)','PITON.Noam@email44.fr'),
('THIBAUD','Hippolyte','2005-10-30','F','Machecoul-Saint-Même (44087)','THIBAUD.Hippolyte@email44.fr'),
('BOURON','Cheyenne','2003-04-19','F','Treillières (44209)','BOURON.Cheyenne@email44.fr'),
('EON','Fares','1988-12-07','H','Mésanger (44096)','EON.Fares@email44.fr'),
('MOISAN','Ana','2011-01-07','F','Nozay (44113)','MOISAN.Ana@email44.fr'),
('LEBEAU','Tracy','1970-05-18','F','Ancenis-Saint-Géréon (44003)','LEBEAU.Tracy@email44.fr'),
('CHAILLOU','Ewen','1980-06-08','H','Oudon (44115)','CHAILLOU.Ewen@email44.fr'),
('FONTENEAU','Joris','1971-04-06','H','Fercé (44058)','FONTENEAU.Joris@email44.fr'),
('FERRE','Salomon','2011-11-24','F','La Chapelle-sur-Erdre (44035)','FERRE.Salomon@email44.fr'),
('DREAN','Hedi','1976-06-07','F','Les Moutiers-en-Retz (44106)','DREAN.Hedi@email44.fr'),
('DENIEL','Janna','2005-07-15','H','Villeneuve-en-Retz (44021)','DENIEL.Janna@email44.fr'),
('PRIN','Aurélien','2000-11-07','H','Brains (44024)','PRIN.Aurélien@email44.fr'),
('CHAUVEL','Kenji','1973-07-04','H','Saint-Viaud (44192)','CHAUVEL.Kenji@email44.fr'),
('BUREAU','Yazen','1986-02-07','H','Mésanger (44096)','BUREAU.Yazen@email44.fr'),
('AUFFRAY','Jacob','1978-07-20','F','Le Pouliguen (44135)','AUFFRAY.Jacob@email44.fr'),
('BOURGET','Saly','2003-01-30','H','Piriac-sur-Mer (44125)','BOURGET.Saly@email44.fr'),
('LEBERT','Lilwenn','1988-07-16','F','Missillac (44098)','LEBERT.Lilwenn@email44.fr'),
('BRIAND','Francesca','2006-05-16','F','Teillé (44202)','BRIAND.Francesca@email44.fr'),
('DROUET','Noémi','2005-12-08','F','Château-Thébaud (44037)','DROUET.Noémi@email44.fr'),
('MERLET','Owen','1998-03-16','F','Les Touches (44205)','MERLET.Owen@email44.fr'),
('PROVOST','Mounir','2004-11-03','H','Soulvache (44200)','PROVOST.Mounir@email44.fr'),
('LEBEAU','Leïna','2003-06-01','F','Missillac (44098)','LEBEAU.Leïna@email44.fr');



INSERT INTO cinemas (
	id_cinema,
	room_name,
	room_level,
	screen_size,
	seats_number
)
VALUES
(1,'Atlantis',0,'4K',256),
(2,'Babylone',0,'4K',256),
(3,'Carthage',0,'4K',128),
(4,'Daedalus',1,'4K',256),
(5,'Eristhem',1,'4K',128),
(6,'Franborg',1,'4K',128),
(7,'Gargantos',2,'4K',256),
(8,'Hermetic',2,'4K',128),
(9,'Istanbul',2,'2K',64),
(10,'Jakarta',2,'2K',64);


INSERT INTO seats (
	id_cinema,
	seat_number,
	row_name
)
VALUES
(1,1,'A'),
(1,2,'A'),
(1,3,'A'),
(1,4,'A'),
(1,5,'A'),
(1,6,'A'),
(1,7,'A'),
(1,8,'A'),
(1,9,'A'),
(1,10,'A'),
(1,11,'A'),
(1,12,'A'),
(1,13,'A'),
(1,14,'A'),
(1,15,'A'),
(1,16,'A'),
(1,17,'A'),
(1,18,'A'),
(1,19,'A'),
(1,20,'A'),
(1,21,'A'),
(1,22,'A'),
(1,23,'A'),
(1,24,'A'),
(1,25,'A'),
(1,26,'A'),
(1,27,'A'),
(1,28,'A'),
(1,29,'A'),
(1,30,'A'),
(1,31,'A'),
(1,32,'A'),
(1,1,'B'),
(1,2,'B'),
(1,3,'B'),
(1,4,'B'),
(1,5,'B'),
(1,6,'B'),
(1,7,'B'),
(1,8,'B'),
(1,9,'B'),
(1,10,'B'),
(1,11,'B'),
(1,12,'B'),
(1,13,'B'),
(1,14,'B'),
(1,15,'B'),
(1,16,'B'),
(1,17,'B'),
(1,18,'B'),
(1,19,'B'),
(1,20,'B'),
(1,21,'B'),
(1,22,'B'),
(1,23,'B'),
(1,24,'B'),
(1,25,'B'),
(1,26,'B'),
(1,27,'B'),
(1,28,'B'),
(1,29,'B'),
(1,30,'B'),
(1,31,'B'),
(1,32,'B'),
(1,1,'C'),
(1,2,'C'),
(1,3,'C'),
(1,4,'C'),
(1,5,'C'),
(1,6,'C'),
(1,7,'C'),
(1,8,'C'),
(1,9,'C'),
(1,10,'C'),
(1,11,'C'),
(1,12,'C'),
(1,13,'C'),
(1,14,'C'),
(1,15,'C'),
(1,16,'C'),
(1,17,'C'),
(1,18,'C'),
(1,19,'C'),
(1,20,'C'),
(1,21,'C'),
(1,22,'C'),
(1,23,'C'),
(1,24,'C'),
(1,25,'C'),
(1,26,'C'),
(1,27,'C'),
(1,28,'C'),
(1,29,'C'),
(1,30,'C'),
(1,31,'C'),
(1,32,'C'),
(1,1,'D'),
(1,2,'D'),
(1,3,'D'),
(1,4,'D'),
(1,5,'D'),
(1,6,'D'),
(1,7,'D'),
(1,8,'D'),
(1,9,'D'),
(1,10,'D'),
(1,11,'D'),
(1,12,'D'),
(1,13,'D'),
(1,14,'D'),
(1,15,'D'),
(1,16,'D'),
(1,17,'D'),
(1,18,'D'),
(1,19,'D'),
(1,20,'D'),
(1,21,'D'),
(1,22,'D'),
(1,23,'D'),
(1,24,'D'),
(1,25,'D'),
(1,26,'D'),
(1,27,'D'),
(1,28,'D'),
(1,29,'D'),
(1,30,'D'),
(1,31,'D'),
(1,32,'D'),
(1,1,'E'),
(1,2,'E'),
(1,3,'E'),
(1,4,'E'),
(1,5,'E'),
(1,6,'E'),
(1,7,'E'),
(1,8,'E'),
(1,9,'E'),
(1,10,'E'),
(1,11,'E'),
(1,12,'E'),
(1,13,'E'),
(1,14,'E'),
(1,15,'E'),
(1,16,'E'),
(1,17,'E'),
(1,18,'E'),
(1,19,'E'),
(1,20,'E'),
(1,21,'E'),
(1,22,'E'),
(1,23,'E'),
(1,24,'E'),
(1,25,'E'),
(1,26,'E'),
(1,27,'E'),
(1,28,'E'),
(1,29,'E'),
(1,30,'E'),
(1,31,'E'),
(1,32,'E'),
(1,1,'F'),
(1,2,'F'),
(1,3,'F'),
(1,4,'F'),
(1,5,'F'),
(1,6,'F'),
(1,7,'F'),
(1,8,'F'),
(1,9,'F'),
(1,10,'F'),
(1,11,'F'),
(1,12,'F'),
(1,13,'F'),
(1,14,'F'),
(1,15,'F'),
(1,16,'F'),
(1,17,'F'),
(1,18,'F'),
(1,19,'F'),
(1,20,'F'),
(1,21,'F'),
(1,22,'F'),
(1,23,'F'),
(1,24,'F'),
(1,25,'F'),
(1,26,'F'),
(1,27,'F'),
(1,28,'F'),
(1,29,'F'),
(1,30,'F'),
(1,31,'F'),
(1,32,'F'),
(1,1,'G'),
(1,2,'G'),
(1,3,'G'),
(1,4,'G'),
(1,5,'G'),
(1,6,'G'),
(1,7,'G'),
(1,8,'G'),
(1,9,'G'),
(1,10,'G'),
(1,11,'G'),
(1,12,'G'),
(1,13,'G'),
(1,14,'G'),
(1,15,'G'),
(1,16,'G'),
(1,17,'G'),
(1,18,'G'),
(1,19,'G'),
(1,20,'G'),
(1,21,'G'),
(1,22,'G'),
(1,23,'G'),
(1,24,'G'),
(1,25,'G'),
(1,26,'G'),
(1,27,'G'),
(1,28,'G'),
(1,29,'G'),
(1,30,'G'),
(1,31,'G'),
(1,32,'G'),
(1,1,'H'),
(1,2,'H'),
(1,3,'H'),
(1,4,'H'),
(1,5,'H'),
(1,6,'H'),
(1,7,'H'),
(1,8,'H'),
(1,9,'H'),
(1,10,'H'),
(1,11,'H'),
(1,12,'H'),
(1,13,'H'),
(1,14,'H'),
(1,15,'H'),
(1,16,'H'),
(1,17,'H'),
(1,18,'H'),
(1,19,'H'),
(1,20,'H'),
(1,21,'H'),
(1,22,'H'),
(1,23,'H'),
(1,24,'H'),
(1,25,'H'),
(1,26,'H'),
(1,27,'H'),
(1,28,'H'),
(1,29,'H'),
(1,30,'H'),
(1,31,'H'),
(1,32,'H'),
(2,1,'A'),
(2,2,'A'),
(2,3,'A'),
(2,4,'A'),
(2,5,'A'),
(2,6,'A'),
(2,7,'A'),
(2,8,'A'),
(2,9,'A'),
(2,10,'A'),
(2,11,'A'),
(2,12,'A'),
(2,13,'A'),
(2,14,'A'),
(2,15,'A'),
(2,16,'A'),
(2,17,'A'),
(2,18,'A'),
(2,19,'A'),
(2,20,'A'),
(2,21,'A'),
(2,22,'A'),
(2,23,'A'),
(2,24,'A'),
(2,25,'A'),
(2,26,'A'),
(2,27,'A'),
(2,28,'A'),
(2,29,'A'),
(2,30,'A'),
(2,31,'A'),
(2,32,'A'),
(2,1,'B'),
(2,2,'B'),
(2,3,'B'),
(2,4,'B'),
(2,5,'B'),
(2,6,'B'),
(2,7,'B'),
(2,8,'B'),
(2,9,'B'),
(2,10,'B'),
(2,11,'B'),
(2,12,'B'),
(2,13,'B'),
(2,14,'B'),
(2,15,'B'),
(2,16,'B'),
(2,17,'B'),
(2,18,'B'),
(2,19,'B'),
(2,20,'B'),
(2,21,'B'),
(2,22,'B'),
(2,23,'B'),
(2,24,'B'),
(2,25,'B'),
(2,26,'B'),
(2,27,'B'),
(2,28,'B'),
(2,29,'B'),
(2,30,'B'),
(2,31,'B'),
(2,32,'B'),
(2,1,'C'),
(2,2,'C'),
(2,3,'C'),
(2,4,'C'),
(2,5,'C'),
(2,6,'C'),
(2,7,'C'),
(2,8,'C'),
(2,9,'C'),
(2,10,'C'),
(2,11,'C'),
(2,12,'C'),
(2,13,'C'),
(2,14,'C'),
(2,15,'C'),
(2,16,'C'),
(2,17,'C'),
(2,18,'C'),
(2,19,'C'),
(2,20,'C'),
(2,21,'C'),
(2,22,'C'),
(2,23,'C'),
(2,24,'C'),
(2,25,'C'),
(2,26,'C'),
(2,27,'C'),
(2,28,'C'),
(2,29,'C'),
(2,30,'C'),
(2,31,'C'),
(2,32,'C'),
(2,1,'D'),
(2,2,'D'),
(2,3,'D'),
(2,4,'D'),
(2,5,'D'),
(2,6,'D'),
(2,7,'D'),
(2,8,'D'),
(2,9,'D'),
(2,10,'D'),
(2,11,'D'),
(2,12,'D'),
(2,13,'D'),
(2,14,'D'),
(2,15,'D'),
(2,16,'D'),
(2,17,'D'),
(2,18,'D'),
(2,19,'D'),
(2,20,'D'),
(2,21,'D'),
(2,22,'D'),
(2,23,'D'),
(2,24,'D'),
(2,25,'D'),
(2,26,'D'),
(2,27,'D'),
(2,28,'D'),
(2,29,'D'),
(2,30,'D'),
(2,31,'D'),
(2,32,'D'),
(2,1,'E'),
(2,2,'E'),
(2,3,'E'),
(2,4,'E'),
(2,5,'E'),
(2,6,'E'),
(2,7,'E'),
(2,8,'E'),
(2,9,'E'),
(2,10,'E'),
(2,11,'E'),
(2,12,'E'),
(2,13,'E'),
(2,14,'E'),
(2,15,'E'),
(2,16,'E'),
(2,17,'E'),
(2,18,'E'),
(2,19,'E'),
(2,20,'E'),
(2,21,'E'),
(2,22,'E'),
(2,23,'E'),
(2,24,'E'),
(2,25,'E'),
(2,26,'E'),
(2,27,'E'),
(2,28,'E'),
(2,29,'E'),
(2,30,'E'),
(2,31,'E'),
(2,32,'E'),
(2,1,'F'),
(2,2,'F'),
(2,3,'F'),
(2,4,'F'),
(2,5,'F'),
(2,6,'F'),
(2,7,'F'),
(2,8,'F'),
(2,9,'F'),
(2,10,'F'),
(2,11,'F'),
(2,12,'F'),
(2,13,'F'),
(2,14,'F'),
(2,15,'F'),
(2,16,'F'),
(2,17,'F'),
(2,18,'F'),
(2,19,'F'),
(2,20,'F'),
(2,21,'F'),
(2,22,'F'),
(2,23,'F'),
(2,24,'F'),
(2,25,'F'),
(2,26,'F'),
(2,27,'F'),
(2,28,'F'),
(2,29,'F'),
(2,30,'F'),
(2,31,'F'),
(2,32,'F'),
(2,1,'G'),
(2,2,'G'),
(2,3,'G'),
(2,4,'G'),
(2,5,'G'),
(2,6,'G'),
(2,7,'G'),
(2,8,'G'),
(2,9,'G'),
(2,10,'G'),
(2,11,'G'),
(2,12,'G'),
(2,13,'G'),
(2,14,'G'),
(2,15,'G'),
(2,16,'G'),
(2,17,'G'),
(2,18,'G'),
(2,19,'G'),
(2,20,'G'),
(2,21,'G'),
(2,22,'G'),
(2,23,'G'),
(2,24,'G'),
(2,25,'G'),
(2,26,'G'),
(2,27,'G'),
(2,28,'G'),
(2,29,'G'),
(2,30,'G'),
(2,31,'G'),
(2,32,'G'),
(2,1,'H'),
(2,2,'H'),
(2,3,'H'),
(2,4,'H'),
(2,5,'H'),
(2,6,'H'),
(2,7,'H'),
(2,8,'H'),
(2,9,'H'),
(2,10,'H'),
(2,11,'H'),
(2,12,'H'),
(2,13,'H'),
(2,14,'H'),
(2,15,'H'),
(2,16,'H'),
(2,17,'H'),
(2,18,'H'),
(2,19,'H'),
(2,20,'H'),
(2,21,'H'),
(2,22,'H'),
(2,23,'H'),
(2,24,'H'),
(2,25,'H'),
(2,26,'H'),
(2,27,'H'),
(2,28,'H'),
(2,29,'H'),
(2,30,'H'),
(2,31,'H'),
(2,32,'H'),
(3,1,'A'),
(3,2,'A'),
(3,3,'A'),
(3,4,'A'),
(3,5,'A'),
(3,6,'A'),
(3,7,'A'),
(3,8,'A'),
(3,9,'A'),
(3,10,'A'),
(3,11,'A'),
(3,12,'A'),
(3,13,'A'),
(3,14,'A'),
(3,15,'A'),
(3,16,'A'),
(3,1,'B'),
(3,2,'B'),
(3,3,'B'),
(3,4,'B'),
(3,5,'B'),
(3,6,'B'),
(3,7,'B'),
(3,8,'B'),
(3,9,'B'),
(3,10,'B'),
(3,11,'B'),
(3,12,'B'),
(3,13,'B'),
(3,14,'B'),
(3,15,'B'),
(3,16,'B'),
(3,1,'C'),
(3,2,'C'),
(3,3,'C'),
(3,4,'C'),
(3,5,'C'),
(3,6,'C'),
(3,7,'C'),
(3,8,'C'),
(3,9,'C'),
(3,10,'C'),
(3,11,'C'),
(3,12,'C'),
(3,13,'C'),
(3,14,'C'),
(3,15,'C'),
(3,16,'C'),
(3,1,'D'),
(3,2,'D'),
(3,3,'D'),
(3,4,'D'),
(3,5,'D'),
(3,6,'D'),
(3,7,'D'),
(3,8,'D'),
(3,9,'D'),
(3,10,'D'),
(3,11,'D'),
(3,12,'D'),
(3,13,'D'),
(3,14,'D'),
(3,15,'D'),
(3,16,'D'),
(3,1,'E'),
(3,2,'E'),
(3,3,'E'),
(3,4,'E'),
(3,5,'E'),
(3,6,'E'),
(3,7,'E'),
(3,8,'E'),
(3,9,'E'),
(3,10,'E'),
(3,11,'E'),
(3,12,'E'),
(3,13,'E'),
(3,14,'E'),
(3,15,'E'),
(3,16,'E'),
(3,1,'F'),
(3,2,'F'),
(3,3,'F'),
(3,4,'F'),
(3,5,'F'),
(3,6,'F'),
(3,7,'F'),
(3,8,'F'),
(3,9,'F'),
(3,10,'F'),
(3,11,'F'),
(3,12,'F'),
(3,13,'F'),
(3,14,'F'),
(3,15,'F'),
(3,16,'F'),
(3,1,'G'),
(3,2,'G'),
(3,3,'G'),
(3,4,'G'),
(3,5,'G'),
(3,6,'G'),
(3,7,'G'),
(3,8,'G'),
(3,9,'G'),
(3,10,'G'),
(3,11,'G'),
(3,12,'G'),
(3,13,'G'),
(3,14,'G'),
(3,15,'G'),
(3,16,'G'),
(3,1,'H'),
(3,2,'H'),
(3,3,'H'),
(3,4,'H'),
(3,5,'H'),
(3,6,'H'),
(3,7,'H'),
(3,8,'H'),
(3,9,'H'),
(3,10,'H'),
(3,11,'H'),
(3,12,'H'),
(3,13,'H'),
(3,14,'H'),
(3,15,'H'),
(3,16,'H'),
(4,1,'A'),
(4,2,'A'),
(4,3,'A'),
(4,4,'A'),
(4,5,'A'),
(4,6,'A'),
(4,7,'A'),
(4,8,'A'),
(4,9,'A'),
(4,10,'A'),
(4,11,'A'),
(4,12,'A'),
(4,13,'A'),
(4,14,'A'),
(4,15,'A'),
(4,16,'A'),
(4,17,'A'),
(4,18,'A'),
(4,19,'A'),
(4,20,'A'),
(4,21,'A'),
(4,22,'A'),
(4,23,'A'),
(4,24,'A'),
(4,25,'A'),
(4,26,'A'),
(4,27,'A'),
(4,28,'A'),
(4,29,'A'),
(4,30,'A'),
(4,31,'A'),
(4,32,'A'),
(4,1,'B'),
(4,2,'B'),
(4,3,'B'),
(4,4,'B'),
(4,5,'B'),
(4,6,'B'),
(4,7,'B'),
(4,8,'B'),
(4,9,'B'),
(4,10,'B'),
(4,11,'B'),
(4,12,'B'),
(4,13,'B'),
(4,14,'B'),
(4,15,'B'),
(4,16,'B'),
(4,17,'B'),
(4,18,'B'),
(4,19,'B'),
(4,20,'B'),
(4,21,'B'),
(4,22,'B'),
(4,23,'B'),
(4,24,'B'),
(4,25,'B'),
(4,26,'B'),
(4,27,'B'),
(4,28,'B'),
(4,29,'B'),
(4,30,'B'),
(4,31,'B'),
(4,32,'B'),
(4,1,'C'),
(4,2,'C'),
(4,3,'C'),
(4,4,'C'),
(4,5,'C'),
(4,6,'C'),
(4,7,'C'),
(4,8,'C'),
(4,9,'C'),
(4,10,'C'),
(4,11,'C'),
(4,12,'C'),
(4,13,'C'),
(4,14,'C'),
(4,15,'C'),
(4,16,'C'),
(4,17,'C'),
(4,18,'C'),
(4,19,'C'),
(4,20,'C'),
(4,21,'C'),
(4,22,'C'),
(4,23,'C'),
(4,24,'C'),
(4,25,'C'),
(4,26,'C'),
(4,27,'C'),
(4,28,'C'),
(4,29,'C'),
(4,30,'C'),
(4,31,'C'),
(4,32,'C'),
(4,1,'D'),
(4,2,'D'),
(4,3,'D'),
(4,4,'D'),
(4,5,'D'),
(4,6,'D'),
(4,7,'D'),
(4,8,'D'),
(4,9,'D'),
(4,10,'D'),
(4,11,'D'),
(4,12,'D'),
(4,13,'D'),
(4,14,'D'),
(4,15,'D'),
(4,16,'D'),
(4,17,'D'),
(4,18,'D'),
(4,19,'D'),
(4,20,'D'),
(4,21,'D'),
(4,22,'D'),
(4,23,'D'),
(4,24,'D'),
(4,25,'D'),
(4,26,'D'),
(4,27,'D'),
(4,28,'D'),
(4,29,'D'),
(4,30,'D'),
(4,31,'D'),
(4,32,'D'),
(4,1,'E'),
(4,2,'E'),
(4,3,'E'),
(4,4,'E'),
(4,5,'E'),
(4,6,'E'),
(4,7,'E'),
(4,8,'E'),
(4,9,'E'),
(4,10,'E'),
(4,11,'E'),
(4,12,'E'),
(4,13,'E'),
(4,14,'E'),
(4,15,'E'),
(4,16,'E'),
(4,17,'E'),
(4,18,'E'),
(4,19,'E'),
(4,20,'E'),
(4,21,'E'),
(4,22,'E'),
(4,23,'E'),
(4,24,'E'),
(4,25,'E'),
(4,26,'E'),
(4,27,'E'),
(4,28,'E'),
(4,29,'E'),
(4,30,'E'),
(4,31,'E'),
(4,32,'E'),
(4,1,'F'),
(4,2,'F'),
(4,3,'F'),
(4,4,'F'),
(4,5,'F'),
(4,6,'F'),
(4,7,'F'),
(4,8,'F'),
(4,9,'F'),
(4,10,'F'),
(4,11,'F'),
(4,12,'F'),
(4,13,'F'),
(4,14,'F'),
(4,15,'F'),
(4,16,'F'),
(4,17,'F'),
(4,18,'F'),
(4,19,'F'),
(4,20,'F'),
(4,21,'F'),
(4,22,'F'),
(4,23,'F'),
(4,24,'F'),
(4,25,'F'),
(4,26,'F'),
(4,27,'F'),
(4,28,'F'),
(4,29,'F'),
(4,30,'F'),
(4,31,'F'),
(4,32,'F'),
(4,1,'G'),
(4,2,'G'),
(4,3,'G'),
(4,4,'G'),
(4,5,'G'),
(4,6,'G'),
(4,7,'G'),
(4,8,'G'),
(4,9,'G'),
(4,10,'G'),
(4,11,'G'),
(4,12,'G'),
(4,13,'G'),
(4,14,'G'),
(4,15,'G'),
(4,16,'G'),
(4,17,'G'),
(4,18,'G'),
(4,19,'G'),
(4,20,'G'),
(4,21,'G'),
(4,22,'G'),
(4,23,'G'),
(4,24,'G'),
(4,25,'G'),
(4,26,'G'),
(4,27,'G'),
(4,28,'G'),
(4,29,'G'),
(4,30,'G'),
(4,31,'G'),
(4,32,'G'),
(4,1,'H'),
(4,2,'H'),
(4,3,'H'),
(4,4,'H'),
(4,5,'H'),
(4,6,'H'),
(4,7,'H'),
(4,8,'H'),
(4,9,'H'),
(4,10,'H'),
(4,11,'H'),
(4,12,'H'),
(4,13,'H'),
(4,14,'H'),
(4,15,'H'),
(4,16,'H'),
(4,17,'H'),
(4,18,'H'),
(4,19,'H'),
(4,20,'H'),
(4,21,'H'),
(4,22,'H'),
(4,23,'H'),
(4,24,'H'),
(4,25,'H'),
(4,26,'H'),
(4,27,'H'),
(4,28,'H'),
(4,29,'H'),
(4,30,'H'),
(4,31,'H'),
(4,32,'H'),
(5,1,'A'),
(5,2,'A'),
(5,3,'A'),
(5,4,'A'),
(5,5,'A'),
(5,6,'A'),
(5,7,'A'),
(5,8,'A'),
(5,9,'A'),
(5,10,'A'),
(5,11,'A'),
(5,12,'A'),
(5,13,'A'),
(5,14,'A'),
(5,15,'A'),
(5,16,'A'),
(5,1,'B'),
(5,2,'B'),
(5,3,'B'),
(5,4,'B'),
(5,5,'B'),
(5,6,'B'),
(5,7,'B'),
(5,8,'B'),
(5,9,'B'),
(5,10,'B'),
(5,11,'B'),
(5,12,'B'),
(5,13,'B'),
(5,14,'B'),
(5,15,'B'),
(5,16,'B'),
(5,1,'C'),
(5,2,'C'),
(5,3,'C'),
(5,4,'C'),
(5,5,'C'),
(5,6,'C'),
(5,7,'C'),
(5,8,'C'),
(5,9,'C'),
(5,10,'C'),
(5,11,'C'),
(5,12,'C'),
(5,13,'C'),
(5,14,'C'),
(5,15,'C'),
(5,16,'C'),
(5,1,'D'),
(5,2,'D'),
(5,3,'D'),
(5,4,'D'),
(5,5,'D'),
(5,6,'D'),
(5,7,'D'),
(5,8,'D'),
(5,9,'D'),
(5,10,'D'),
(5,11,'D'),
(5,12,'D'),
(5,13,'D'),
(5,14,'D'),
(5,15,'D'),
(5,16,'D'),
(5,1,'E'),
(5,2,'E'),
(5,3,'E'),
(5,4,'E'),
(5,5,'E'),
(5,6,'E'),
(5,7,'E'),
(5,8,'E'),
(5,9,'E'),
(5,10,'E'),
(5,11,'E'),
(5,12,'E'),
(5,13,'E'),
(5,14,'E'),
(5,15,'E'),
(5,16,'E'),
(5,1,'F'),
(5,2,'F'),
(5,3,'F'),
(5,4,'F'),
(5,5,'F'),
(5,6,'F'),
(5,7,'F'),
(5,8,'F'),
(5,9,'F'),
(5,10,'F'),
(5,11,'F'),
(5,12,'F'),
(5,13,'F'),
(5,14,'F'),
(5,15,'F'),
(5,16,'F'),
(5,1,'G'),
(5,2,'G'),
(5,3,'G'),
(5,4,'G'),
(5,5,'G'),
(5,6,'G'),
(5,7,'G'),
(5,8,'G'),
(5,9,'G'),
(5,10,'G'),
(5,11,'G'),
(5,12,'G'),
(5,13,'G'),
(5,14,'G'),
(5,15,'G'),
(5,16,'G'),
(5,1,'H'),
(5,2,'H'),
(5,3,'H'),
(5,4,'H'),
(5,5,'H'),
(5,6,'H'),
(5,7,'H'),
(5,8,'H'),
(5,9,'H'),
(5,10,'H'),
(5,11,'H'),
(5,12,'H'),
(5,13,'H'),
(5,14,'H'),
(5,15,'H'),
(5,16,'H'),
(6,1,'A'),
(6,2,'A'),
(6,3,'A'),
(6,4,'A'),
(6,5,'A'),
(6,6,'A'),
(6,7,'A'),
(6,8,'A'),
(6,9,'A'),
(6,10,'A'),
(6,11,'A'),
(6,12,'A'),
(6,13,'A'),
(6,14,'A'),
(6,15,'A'),
(6,16,'A'),
(6,1,'B'),
(6,2,'B'),
(6,3,'B'),
(6,4,'B'),
(6,5,'B'),
(6,6,'B'),
(6,7,'B'),
(6,8,'B'),
(6,9,'B'),
(6,10,'B'),
(6,11,'B'),
(6,12,'B'),
(6,13,'B'),
(6,14,'B'),
(6,15,'B'),
(6,16,'B'),
(6,1,'C'),
(6,2,'C'),
(6,3,'C'),
(6,4,'C'),
(6,5,'C'),
(6,6,'C'),
(6,7,'C'),
(6,8,'C'),
(6,9,'C'),
(6,10,'C'),
(6,11,'C'),
(6,12,'C'),
(6,13,'C'),
(6,14,'C'),
(6,15,'C'),
(6,16,'C'),
(6,1,'D'),
(6,2,'D'),
(6,3,'D'),
(6,4,'D'),
(6,5,'D'),
(6,6,'D'),
(6,7,'D'),
(6,8,'D'),
(6,9,'D'),
(6,10,'D'),
(6,11,'D'),
(6,12,'D'),
(6,13,'D'),
(6,14,'D'),
(6,15,'D'),
(6,16,'D'),
(6,1,'E'),
(6,2,'E'),
(6,3,'E'),
(6,4,'E'),
(6,5,'E'),
(6,6,'E'),
(6,7,'E'),
(6,8,'E'),
(6,9,'E'),
(6,10,'E'),
(6,11,'E'),
(6,12,'E'),
(6,13,'E'),
(6,14,'E'),
(6,15,'E'),
(6,16,'E'),
(6,1,'F'),
(6,2,'F'),
(6,3,'F'),
(6,4,'F'),
(6,5,'F'),
(6,6,'F'),
(6,7,'F'),
(6,8,'F'),
(6,9,'F'),
(6,10,'F'),
(6,11,'F'),
(6,12,'F'),
(6,13,'F'),
(6,14,'F'),
(6,15,'F'),
(6,16,'F'),
(6,1,'G'),
(6,2,'G'),
(6,3,'G'),
(6,4,'G'),
(6,5,'G'),
(6,6,'G'),
(6,7,'G'),
(6,8,'G'),
(6,9,'G'),
(6,10,'G'),
(6,11,'G'),
(6,12,'G'),
(6,13,'G'),
(6,14,'G'),
(6,15,'G'),
(6,16,'G'),
(6,1,'H'),
(6,2,'H'),
(6,3,'H'),
(6,4,'H'),
(6,5,'H'),
(6,6,'H'),
(6,7,'H'),
(6,8,'H'),
(6,9,'H'),
(6,10,'H'),
(6,11,'H'),
(6,12,'H'),
(6,13,'H'),
(6,14,'H'),
(6,15,'H'),
(6,16,'H'),
(7,1,'A'),
(7,2,'A'),
(7,3,'A'),
(7,4,'A'),
(7,5,'A'),
(7,6,'A'),
(7,7,'A'),
(7,8,'A'),
(7,9,'A'),
(7,10,'A'),
(7,11,'A'),
(7,12,'A'),
(7,13,'A'),
(7,14,'A'),
(7,15,'A'),
(7,16,'A'),
(7,17,'A'),
(7,18,'A'),
(7,19,'A'),
(7,20,'A'),
(7,21,'A'),
(7,22,'A'),
(7,23,'A'),
(7,24,'A'),
(7,25,'A'),
(7,26,'A'),
(7,27,'A'),
(7,28,'A'),
(7,29,'A'),
(7,30,'A'),
(7,31,'A'),
(7,32,'A'),
(7,1,'B'),
(7,2,'B'),
(7,3,'B'),
(7,4,'B'),
(7,5,'B'),
(7,6,'B'),
(7,7,'B'),
(7,8,'B'),
(7,9,'B'),
(7,10,'B'),
(7,11,'B'),
(7,12,'B'),
(7,13,'B'),
(7,14,'B'),
(7,15,'B'),
(7,16,'B'),
(7,17,'B'),
(7,18,'B'),
(7,19,'B'),
(7,20,'B'),
(7,21,'B'),
(7,22,'B'),
(7,23,'B'),
(7,24,'B'),
(7,25,'B'),
(7,26,'B'),
(7,27,'B'),
(7,28,'B'),
(7,29,'B'),
(7,30,'B'),
(7,31,'B'),
(7,32,'B'),
(7,1,'C'),
(7,2,'C'),
(7,3,'C'),
(7,4,'C'),
(7,5,'C'),
(7,6,'C'),
(7,7,'C'),
(7,8,'C'),
(7,9,'C'),
(7,10,'C'),
(7,11,'C'),
(7,12,'C'),
(7,13,'C'),
(7,14,'C'),
(7,15,'C'),
(7,16,'C'),
(7,17,'C'),
(7,18,'C'),
(7,19,'C'),
(7,20,'C'),
(7,21,'C'),
(7,22,'C'),
(7,23,'C'),
(7,24,'C'),
(7,25,'C'),
(7,26,'C'),
(7,27,'C'),
(7,28,'C'),
(7,29,'C'),
(7,30,'C'),
(7,31,'C'),
(7,32,'C'),
(7,1,'D'),
(7,2,'D'),
(7,3,'D'),
(7,4,'D'),
(7,5,'D'),
(7,6,'D'),
(7,7,'D'),
(7,8,'D'),
(7,9,'D'),
(7,10,'D'),
(7,11,'D'),
(7,12,'D'),
(7,13,'D'),
(7,14,'D'),
(7,15,'D'),
(7,16,'D'),
(7,17,'D'),
(7,18,'D'),
(7,19,'D'),
(7,20,'D'),
(7,21,'D'),
(7,22,'D'),
(7,23,'D'),
(7,24,'D'),
(7,25,'D'),
(7,26,'D'),
(7,27,'D'),
(7,28,'D'),
(7,29,'D'),
(7,30,'D'),
(7,31,'D'),
(7,32,'D'),
(7,1,'E'),
(7,2,'E'),
(7,3,'E'),
(7,4,'E'),
(7,5,'E'),
(7,6,'E'),
(7,7,'E'),
(7,8,'E'),
(7,9,'E'),
(7,10,'E'),
(7,11,'E'),
(7,12,'E'),
(7,13,'E'),
(7,14,'E'),
(7,15,'E'),
(7,16,'E'),
(7,17,'E'),
(7,18,'E'),
(7,19,'E'),
(7,20,'E'),
(7,21,'E'),
(7,22,'E'),
(7,23,'E'),
(7,24,'E'),
(7,25,'E'),
(7,26,'E'),
(7,27,'E'),
(7,28,'E'),
(7,29,'E'),
(7,30,'E'),
(7,31,'E'),
(7,32,'E'),
(7,1,'F'),
(7,2,'F'),
(7,3,'F'),
(7,4,'F'),
(7,5,'F'),
(7,6,'F'),
(7,7,'F'),
(7,8,'F'),
(7,9,'F'),
(7,10,'F'),
(7,11,'F'),
(7,12,'F'),
(7,13,'F'),
(7,14,'F'),
(7,15,'F'),
(7,16,'F'),
(7,17,'F'),
(7,18,'F'),
(7,19,'F'),
(7,20,'F'),
(7,21,'F'),
(7,22,'F'),
(7,23,'F'),
(7,24,'F'),
(7,25,'F'),
(7,26,'F'),
(7,27,'F'),
(7,28,'F'),
(7,29,'F'),
(7,30,'F'),
(7,31,'F'),
(7,32,'F'),
(7,1,'G'),
(7,2,'G'),
(7,3,'G'),
(7,4,'G'),
(7,5,'G'),
(7,6,'G'),
(7,7,'G'),
(7,8,'G'),
(7,9,'G'),
(7,10,'G'),
(7,11,'G'),
(7,12,'G'),
(7,13,'G'),
(7,14,'G'),
(7,15,'G'),
(7,16,'G'),
(7,17,'G'),
(7,18,'G'),
(7,19,'G'),
(7,20,'G'),
(7,21,'G'),
(7,22,'G'),
(7,23,'G'),
(7,24,'G'),
(7,25,'G'),
(7,26,'G'),
(7,27,'G'),
(7,28,'G'),
(7,29,'G'),
(7,30,'G'),
(7,31,'G'),
(7,32,'G'),
(7,1,'H'),
(7,2,'H'),
(7,3,'H'),
(7,4,'H'),
(7,5,'H'),
(7,6,'H'),
(7,7,'H'),
(7,8,'H'),
(7,9,'H'),
(7,10,'H'),
(7,11,'H'),
(7,12,'H'),
(7,13,'H'),
(7,14,'H'),
(7,15,'H'),
(7,16,'H'),
(7,17,'H'),
(7,18,'H'),
(7,19,'H'),
(7,20,'H'),
(7,21,'H'),
(7,22,'H'),
(7,23,'H'),
(7,24,'H'),
(7,25,'H'),
(7,26,'H'),
(7,27,'H'),
(7,28,'H'),
(7,29,'H'),
(7,30,'H'),
(7,31,'H'),
(7,32,'H'),
(8,1,'A'),
(8,2,'A'),
(8,3,'A'),
(8,4,'A'),
(8,5,'A'),
(8,6,'A'),
(8,7,'A'),
(8,8,'A'),
(8,9,'A'),
(8,10,'A'),
(8,11,'A'),
(8,12,'A'),
(8,13,'A'),
(8,14,'A'),
(8,15,'A'),
(8,16,'A'),
(8,1,'B'),
(8,2,'B'),
(8,3,'B'),
(8,4,'B'),
(8,5,'B'),
(8,6,'B'),
(8,7,'B'),
(8,8,'B'),
(8,9,'B'),
(8,10,'B'),
(8,11,'B'),
(8,12,'B'),
(8,13,'B'),
(8,14,'B'),
(8,15,'B'),
(8,16,'B'),
(8,1,'C'),
(8,2,'C'),
(8,3,'C'),
(8,4,'C'),
(8,5,'C'),
(8,6,'C'),
(8,7,'C'),
(8,8,'C'),
(8,9,'C'),
(8,10,'C'),
(8,11,'C'),
(8,12,'C'),
(8,13,'C'),
(8,14,'C'),
(8,15,'C'),
(8,16,'C'),
(8,1,'D'),
(8,2,'D'),
(8,3,'D'),
(8,4,'D'),
(8,5,'D'),
(8,6,'D'),
(8,7,'D'),
(8,8,'D'),
(8,9,'D'),
(8,10,'D'),
(8,11,'D'),
(8,12,'D'),
(8,13,'D'),
(8,14,'D'),
(8,15,'D'),
(8,16,'D'),
(8,1,'E'),
(8,2,'E'),
(8,3,'E'),
(8,4,'E'),
(8,5,'E'),
(8,6,'E'),
(8,7,'E'),
(8,8,'E'),
(8,9,'E'),
(8,10,'E'),
(8,11,'E'),
(8,12,'E'),
(8,13,'E'),
(8,14,'E'),
(8,15,'E'),
(8,16,'E'),
(8,1,'F'),
(8,2,'F'),
(8,3,'F'),
(8,4,'F'),
(8,5,'F'),
(8,6,'F'),
(8,7,'F'),
(8,8,'F'),
(8,9,'F'),
(8,10,'F'),
(8,11,'F'),
(8,12,'F'),
(8,13,'F'),
(8,14,'F'),
(8,15,'F'),
(8,16,'F'),
(8,1,'G'),
(8,2,'G'),
(8,3,'G'),
(8,4,'G'),
(8,5,'G'),
(8,6,'G'),
(8,7,'G'),
(8,8,'G'),
(8,9,'G'),
(8,10,'G'),
(8,11,'G'),
(8,12,'G'),
(8,13,'G'),
(8,14,'G'),
(8,15,'G'),
(8,16,'G'),
(8,1,'H'),
(8,2,'H'),
(8,3,'H'),
(8,4,'H'),
(8,5,'H'),
(8,6,'H'),
(8,7,'H'),
(8,8,'H'),
(8,9,'H'),
(8,10,'H'),
(8,11,'H'),
(8,12,'H'),
(8,13,'H'),
(8,14,'H'),
(8,15,'H'),
(8,16,'H'),
(9,1,'A'),
(9,2,'A'),
(9,3,'A'),
(9,4,'A'),
(9,5,'A'),
(9,6,'A'),
(9,7,'A'),
(9,8,'A'),
(9,9,'A'),
(9,10,'A'),
(9,11,'A'),
(9,12,'A'),
(9,13,'A'),
(9,14,'A'),
(9,15,'A'),
(9,16,'A'),
(9,1,'B'),
(9,2,'B'),
(9,3,'B'),
(9,4,'B'),
(9,5,'B'),
(9,6,'B'),
(9,7,'B'),
(9,8,'B'),
(9,9,'B'),
(9,10,'B'),
(9,11,'B'),
(9,12,'B'),
(9,13,'B'),
(9,14,'B'),
(9,15,'B'),
(9,16,'B'),
(9,1,'C'),
(9,2,'C'),
(9,3,'C'),
(9,4,'C'),
(9,5,'C'),
(9,6,'C'),
(9,7,'C'),
(9,8,'C'),
(9,9,'C'),
(9,10,'C'),
(9,11,'C'),
(9,12,'C'),
(9,13,'C'),
(9,14,'C'),
(9,15,'C'),
(9,16,'C'),
(9,1,'D'),
(9,2,'D'),
(9,3,'D'),
(9,4,'D'),
(9,5,'D'),
(9,6,'D'),
(9,7,'D'),
(9,8,'D'),
(9,9,'D'),
(9,10,'D'),
(9,11,'D'),
(9,12,'D'),
(9,13,'D'),
(9,14,'D'),
(9,15,'D'),
(9,16,'D'),
(10,1,'A'),
(10,2,'A'),
(10,3,'A'),
(10,4,'A'),
(10,5,'A'),
(10,6,'A'),
(10,7,'A'),
(10,8,'A'),
(10,9,'A'),
(10,10,'A'),
(10,11,'A'),
(10,12,'A'),
(10,13,'A'),
(10,14,'A'),
(10,15,'A'),
(10,16,'A'),
(10,1,'B'),
(10,2,'B'),
(10,3,'B'),
(10,4,'B'),
(10,5,'B'),
(10,6,'B'),
(10,7,'B'),
(10,8,'B'),
(10,9,'B'),
(10,10,'B'),
(10,11,'B'),
(10,12,'B'),
(10,13,'B'),
(10,14,'B'),
(10,15,'B'),
(10,16,'B'),
(10,1,'C'),
(10,2,'C'),
(10,3,'C'),
(10,4,'C'),
(10,5,'C'),
(10,6,'C'),
(10,7,'C'),
(10,8,'C'),
(10,9,'C'),
(10,10,'C'),
(10,11,'C'),
(10,12,'C'),
(10,13,'C'),
(10,14,'C'),
(10,15,'C'),
(10,16,'C'),
(10,1,'D'),
(10,2,'D'),
(10,3,'D'),
(10,4,'D'),
(10,5,'D'),
(10,6,'D'),
(10,7,'D'),
(10,8,'D'),
(10,9,'D'),
(10,10,'D'),
(10,11,'D'),
(10,12,'D'),
(10,13,'D'),
(10,14,'D'),
(10,15,'D'),
(10,16,'D');


INSERT INTO products 
	(
		product_name,
		price,
		category,
		product_description
	)
VALUES
('Ticket Cinéma Unité', 8.00,'Ticketterie','Votre ticket de cinéma, tarif avant réduction éventuelle. Valable 3 mois.'),
('Ticket Cinéma 10 pièces', 60.00,'Ticketterie','Vos ticket de cinéma à -25%. Valable 3 mois.'),
('Ticket Cinéma Mensuel', 30.00,'Ticketterie','Votre pass mensuel de cinéma, tarif avant réduction éventuelle.'),
('PopCorn Nature 25cl',4.00,'Nourriture','Votre PopCorn tout chaud tout frais !'),
('PopCorn Nature 50cl',6.00,'Nourriture','Votre PopCorn tout chaud tout frais !'),
('PopCorn Nature 100cl',8.00,'Nourriture','Votre PopCorn tout chaud tout frais !'),
('PopCorn Caramel 25cl',4.00,'Nourriture','Votre PopCorn tout chaud tout frais au Caramel !'),
('PopCorn Caramel 50cl',6.00,'Nourriture','Votre PopCorn tout chaud tout frais au Caramel !'),
('PopCorn Caramel 100cl',8.00,'Nourriture','Votre PopCorn tout chaud tout frais au Caramel !'),
('PopCorn Salé 25cl',4.00,'Nourriture','Votre PopCorn tout chaud tout frais Salé !'),
('PopCorn Salé 50cl',6.00,'Nourriture','Votre PopCorn tout chaud tout frais Salé !'),
('PopCorn Salé 100cl',8.00,'Nourriture','Votre PopCorn tout chaud tout frais Salé !'),
('PopCorn Caramel au Beurre Salé 25cl',5.00,'Nourriture','Votre PopCorn tout chaud tout frais ! Nouveau ! Caramel au Beurre Salé !!!'),
('PopCorn Caramel au Beurre Salé 50cl',7.50,'Nourriture','Votre PopCorn tout chaud tout frais !  Nouveau ! Caramel au Beurre Salé !!!'),
('PopCorn Caramel au Beurre Salé 100cl',10.00,'Nourriture','Votre PopCorn tout chaud tout frais ! Nouveau ! Caramel au Beurre Salé !!!'),
('Coca Cola 25cl',1.00,'Boisson','Votre incontournable boisson Coca Cola!'),
('Coca Cola 33cl',1.50,'Boisson','Votre incontournable boisson Coca Cola!'),
('Coca Cola 50cl',2.00,'Boisson','Votre incontournable boisson Coca Cola!'),
('Orangina 25cl',1.00,'Boisson','Votre incontournable boisson Orangina!'),
('Orangina 33cl',1.50,'Boisson','Votre incontournable boisson Orangina!'),
('Orangina 50cl',2.00,'Boisson','Votre incontournable boisson Orangina!'),
('Schweppes 25cl',1.00,'Boisson','Votre incontournable boisson Schweppes!'),
('Schweppes 33cl',1.50,'Boisson','Votre incontournable boisson Schweppes!'),
('Schweppes 50cl',2.00,'Boisson','Votre incontournable boisson Schweppes!');







INSERT INTO users 
	(
		pseudo,
		pwd,
		id_person,	
		id_sl
	)
VALUES
('Ryleegh','bm4RJzbKE8FCdefl',1000,3),
('Emerton','X7Rk4Oib2xmppFpt',1,3),
('Breckett','Pri7vcpAVkRfUQqy',2,1),
('Malcalm','JFw8yR1Eh7Vn4S9A',3,1),
('Milaia','bZQLnfZ3XyM4AfnP',4,1),
('Jardan','RUSdb7MVYR9LxgeH',5,1),
('Cohlin','b2ATBXTeFLKVNFiw',6,1),
('Jame','tCaIvTuyd96isybK',7,5),
('Jariden','rtGLC64hhDm6HVy9',8,1),
('Devan','bkJNxhJbUzsxAIys',9,1),
('Abril','jDhMxtYLifosSvkU',10,1),
('Own','lIOSTXPdM1t8fEeJ',11,1),
('Barba','tQabxlPlxhx95TBU',12,1),
('Saraia','J8CCxErpcdfdzabM',13,2),
('Jaggex','JXjFiGHt323mo7ku',14,1),
('Jareth','qfFkzcQCjcPAfzmI',15,5),
('Erinne','cgMJzd9XF5bUP_7u',16,5),
('Landan','q8gcRLuavgPKFkNs',17,1),
('Elrin','4YnRoSqFMgZV_Nv3',18,1),
('Braidn','iwQbBK4CJmyysYBC',19,1),
('Layne','Je1zsriN8mqKm2Dm',20,1),
('Nahla','hW2oucHPnU26Sp5d',21,3),
('Bouwen','vfqQJHR_3izv9xH6',22,1),
('Keaya','zMTYeTZXMMXWP6lS',23,1),
('Britella','nCHlrvfJJzByAFmM',24,1),
('Mayve','tl4dRiSaaBolbysV',25,1),
('Tristen','kVr8Yfc2HGHNxNAe',26,1),
('Nayel','ZqqwFOvEV5ZefF31',27,2),
('Caemron','LySEXINAF76ai2nZ',28,1),
('Sofia','t1arcJxVuSB3TPFE',29,4),
('Giyana','E8YtEgTmzvoRGIJW',30,2),
('Wylo','2UV4xqd_qiXo_iSN',31,1),
('Brunnos','jLAYTSx7LoWq1mqr',32,1),
('Timoth','vQCpIVRlktttLjWo',33,1),
('Sealena','UxAm82c_GzqTO5uy',34,2),
('Zarina','bdGEHN7mjl3x_doK',35,1),
('Briyelle','yV7Cq9pn1pTPY3LL',36,2),
('Seliah','Jjc59BJsvy9uKDjp',37,2),
('Baeleigh','b3hnvB6db9ZCgGs6',38,2),
('Rylan','lgBBBGJTLwTg3YkM',39,1),
('Austyn','PUp4wPKY_uvdy78X',40,1),
('Anka','t4cWohH8ALyvwV5U',41,2),
('Calrin','y5RHYgL5mvbEdOlb',42,1),
('Nathanael','UNv88TeTFl7S2AuZ',43,1),
('Callin','OPZzdxfG1KmPtMrF',44,1),
('Harp','Q26497mhYAoDj7nK',45,1),
('Benjam','CWukgBxrEDdVcpyY',46,1),
('Emilea','VQzcNqnMTEW2pAAb',47,1),
('Rylan','drq5vzHj4TbMCpwL',48,5),
('Alexin','iDPZ12Aew1TY6_YX',49,2),
('Kyndle','YldvooUvq6hezevL',50,1),
('Rober','hQdc7pCutza2ljr4',51,2),
('Kohren','zd98xhtQURgqSg9h',52,1),
('Braeden','aOR7E7pEmcM2qj1e',53,1),
('Colrin','4zMJ7JFWxeYWP6yX',54,2),
('Vaessa','sbmNnvoZ3KDrk39U',55,2),
('Maelynn','zhrxR1AzVms7mJOq',56,1),
('Alaena','4QFmeamk5PUS98OY',57,1),
('Saeva','SZSltULXFT2l77UA',58,1),
('Ylena','_D4bIBab4CtBMtWR',59,5),
('Aracelle','ZfHKKQj5Kg7y5HiC',60,5),
('Aryan','ltamHuHgzXiu1LyP',61,1),
('Artuhr','b_MMHj7b6yOj_qzo',62,1),
('Nayel','rhgBjEsYBfvklw14',63,2),
('Dariox','BsGrGcqOhCEPqUCm',64,1),
('Billis','C3ervnAuWGzQUu4u',65,1),
('Elriot','qQjpk1zqiyX2Ov2F',66,2),
('Caera','GfYw3qIKOlKdfwer',67,1),
('Jayecob','eoszMm6Q12BgbqoM',68,1),
('Adrihel','jU12j4Ud3g9N4hYA',69,5),
('Graeyam','1ax1V5iw7wGeyzsF',70,1),
('Morgn','txuVdlYLmvYsZI6G',71,1),
('Keana','KQrvv5pFNJxDxmsO',72,1),
('Kelya','rLfk4kmpQzK9FKUs',73,2),
('Edard','7yrooejCkGzmBuf5',74,1),
('Mikl','9MUgV9E1xersBSfW',75,1),
('Kimbr','WVMayYUbFlxI_3T8',76,1),
('Ayaan','NAbFf8ZAFhJf6PEs',77,1),
('Harp','ZLqOBa1KJzxHCEk9',78,1),
('Kartr','B6zrOXRzMgeweDpJ',79,2),
('Kiran','yCUUNKUjzO9TwwyA',80,1),
('Francole','YBMiYs15d_W7yfEN',81,1),
('Brigan','fQKNLo3MQXdJLh4u',82,2),
('Curtix','v51kCalA7Rx4QHW7',83,1),
('Juith','NeTqbn8RnbNWWohT',84,1),
('Katlina','nr7zkHtmxtkvUKYS',85,2),
('Abgale','7ogMFIg_S97Y1rch',86,1),
('Kayi','4KyGAvDv993c6dGE',87,2),
('Kamryn','OlhOgnH6JhhIxvPf',88,1),
('Cayen','oBJZtSbRQyZuup_x',89,1),
('Brindan','rYMTscHJeGFqiCjH',90,1),
('Adrana','DwaR4_WmttVgIoT6',91,1),
('Aeden','OgYnCDKl89C_6KZ9',92,1),
('Rosha','FZKBIb9iAgkuwBUH',93,1),
('Braeylee','V5ByumrRcTMoU1aH',94,2),
('Elber','R9pMyVgOjs6qhpVf',95,2),
('Lushian','lXwUQZvgHMX9XgWF',96,5),
('Sanya','6G31xdxKQuv5IMMB',97,1),
('Gayle','4JwntOzdD3UdHO9S',98,1),
('Baelleigh','XCuqZKX25IV_iGny',99,2),
('Emelisa','ijhrX8CcivMMezva',100,1),
('Elden','tyKV_gUgwn4Pj_Sd',101,1),
('Kohren','OZCEfhjfiPr1WxwU',102,1),
('Andret','fjtKXmhdlC1TylRe',103,2),
('Roys','nPpqQl5SmxTVrF8f',104,5),
('Graeme','p2bUb5UKNCC_uaAp',105,1),
('Danirel','n3tnzUofNL94O36R',106,1),
('Lilea','1m1RMnHxHWEJZ6yG',107,1),
('Kelya','2HK7_8eor61o5SF3',108,1),
('Larris','Hz9eSobJLzCzuAtq',109,1),
('Alaena','UBdyj5aajIgexEZj',110,1),
('Mayve','5wr2wp8qGZrtdR4o',111,2),
('Aneya','kBD2BLajhjV4TnQs',112,1),
('Malahki','FfRLcBSucq8QC8jT',113,1),
('Jardan','xFduN9ZWAXRTDKRR',114,1),
('Abrielle','DGo9mD9m2ndMdNrG',115,1),
('Larris','xEotrZfrE43LHJsn',116,4),
('Sealena','WjtZZMjw8qqrsgaJ',117,2),
('Alefret','XjPn7lphNgNR7LZF',118,4),
('Herlee','rK27rqo_duTr4I8k',119,1),
('Balee','wzoB_ZRTOOk6_Vqu',120,1),
('Soaph','pnKEgknUiSO5oq71',121,1),
('Ilex','UBrJ8eCsK7DLePmZ',122,1),
('Kelya','GsVNH5DOYswrqvk_',123,5),
('Haerlo','zFduqDG1FcguH5ER',124,1),
('Adryan','Y8F_mn9gLLNxJkqY',125,1),
('Taeliyah','wRy6bidRddongIP7',126,1),
('Chindlr','Q9AHKzMkALP8O6rw',127,5),
('Claissa','ZqoZgHq_S2xboRi4',128,1),
('Adit','CIZXfA685gMxIddv',129,1),
('Abrielle','M4tQLq2taSY8ss8w',130,1),
('Brae','tpmnDTTKubuhNP5D',131,1),
('Elex','ccQStCGJN59guUvI',132,1),
('Anedre','2SIXsX1CowZXcsR2',133,1),
('Xandr','x5reenVivQNEUfVl',134,1),
('Walkr','8ZgtZEpypM3SlZLr',135,1),
('Yce','CrKWKl3rJTpz8Sat',136,1),
('Coltin','6r__2DIXsjK__rJg',137,1),
('Kohren','FYRpAMm22AuMH25A',138,4),
('Emson','O_B39_Jv_M1sJPjP',139,1),
('Elijea','KoURQ96pJzHsfWE9',140,1),
('Zavr','14iVwskMRQRmBdRW',141,1),
('Liyam','vivy8RdgXIOkF1dG',142,1),
('Darinell','ty62ILRbbn2ylCmk',143,2),
('Cartr','T5b1jXVXTofnrPkT',144,1),
('Jagx','8Z81tDRFNjuWTU8X',145,1),
('Braddy','1iLCSmqKWsyATAqn',146,2),
('Zaxary','GvKREb88zgkvho4y',147,1),
('Moriyah','BTFJgHjF2e5QpmQ5',148,1),
('Allany','mzZaQ4HGmciGoHZS',149,1),
('Jaleah','cHjiYnTSicI9GbL7',150,1),
('Breaenna','GBCTuMJ8Sl5E_d8D',151,1),
('Camrin','aFlKKZACGEMoI5mV',152,1),
('Carline','OyIYVJaHzzBYO37Z',153,1),
('Taiana','M6vWVLBGha_8SyMk',154,2),
('Arman','mTbQprCfLhzmeXLL',155,1),
('Danuella','29RQaYaUYpy3KCmM',156,1),
('Bobbis','RUh9lhveOdEumn4E',157,1),
('Saera','_NQqePenV9FHNr4o',158,1),
('Allan','QgvEsrK3rKGf3leD',159,1),
('Adrihen','TCeUqNTqwV7VF82c',160,1),
('Islae','TThrS_1ri19yBEL6',161,5),
('Briyan','Eyl_IMiBjOzYPRqo',162,3),
('Rayven','a8RKtpxEgqGPWztB',163,1),
('Ilana','Lmz4UbKONJSQ74KB',164,1),
('Colbix','j_vH2XsvL_m335l1',165,2),
('Camrin','W6FdTEwbH1pJNJTx',166,1),
('Sylas','qkekZscJRlTVI3Es',167,1),
('Kamryn','AeKbV7s67yqUvihn',168,3),
('Christover','mxcWuoTFEIXQzjse',169,4),
('Asan','vzbreY5eUmqYnSJv',170,1),
('Henna','k5HN9nQ1FVCkLXt1',171,3),
('Jaden','5QgJaZlLE3Mop2qV',172,2),
('Mauris','iawiUegXIlRoVGVP',173,1),
('Bentleye','BWgBVsfVTUowizji',174,2),
('Betrice','Rxjnh2LePMFZk7L6',175,1),
('Azyriah','rPDrGza9lXp26FIk',176,1),
('Kyris','mbVC4KpWOd2J19TE',177,1),
('Layala','GFK4qXiNz4mZhSdG',178,1),
('Billis','akvqGxKc_lNkQS8u',179,1),
('Bouwen','oTVNBOJqUA5BPhxf',180,1),
('Rogr','6XjPQouCfpNmMGYO',181,1),
('Cohlin','bTZ1RGczIKbMPIcK',182,1),
('Adley','In58HBQ96_zDTxRh',183,1),
('Layala','nXahDJoJTSMpa_yH',184,1),
('Waelon','LlszU8hmne27GPKh',185,1),
('Daniyela','a6x9KoaMbknhpFSn',186,2),
('Arelle','P1pYM8NRpiXDz_tG',187,3),
('Charliza','l8_nAMjjplwTGM9o',188,4),
('Jaecob','icSugHAtyRkuRBB7',189,1),
('Temrance','MqEAeUocs2K24cVC',190,2),
('Aeyana','KpomknnvM7lbmAAj',191,1),
('Adryan','IL_H_8YY2hDWHsKB',192,1),
('Kase','96t6WpOb89WQ38Im',193,1),
('Valria','pgRdHCREhUUcw2nd',194,1),
('Rogr','Z_cRFqxBo5wwvqE2',195,1),
('Carsin','1fMwfxFtR95IWvyx',196,1),
('Briyanna','YU2DnrtRRYugBDJy',197,5),
('Teag','xKvSjSz9ym1yZ2r_',198,2),
('Brae','6i4iitNwl3ay2zwi',199,1),
('Dariox','CBUj_n3JwyZoL2hp',200,4),
('Arnav','L34Ie95g9jGj2NWB',201,2),
('Roberd','vpzllIV_t1f98bX_',202,1),
('Arman','3WFGTghxsalR8aBy',203,1),
('Yos','cd9Uu7S7KAhnCox4',204,2),
('Balee','tQl4QGUQYEFxWPCr',205,1),
('Orin','TIS1y41L3V1vteJN',206,1),
('Dafnea','cLy7QYmN76rNIT_N',207,1),
('Dax','krKCAhjccY9mI6V3',208,1),
('Reighley','y9aTIGJGqZjzEiv1',209,1),
('Jayla','PNq9zmgfXL6Bo1I9',210,1),
('Caelia','aD_m4HJqoimtGdBi',211,2),
('Maelynn','IAvBO7spFtEk7x52',212,1),
('Teag','YSBhAUWOdzj8EKwR',213,2),
('Rayelyn','2oBG_EfIlryGlVtO',214,4),
('Elrin','gkwZmnxubKvHCSUw',215,1),
('Sanya','wvTWjcuHa1xmKz4Q',216,3),
('Barba','XHTiDShhunJaWLnd',217,3),
('Jayla','claC7ZAGTvXOKIqY',218,2),
('Lillya','gqfhifvvr142MnpZ',219,1),
('Erixa','N_CYjKdZL3UJpZXo',220,4),
('Fyonae','ofzLDD1JA7Wn2zcC',221,5),
('Aarom','fMabldQPAU9YpoMr',222,3),
('Eriska','N7ALnbQGNnOxqGaW',223,1),
('Jazon','xWCYU7Ua2_xUC2fP',224,1),
('Saera','TuvCsaX_FT_Sdc2Q',225,4),
('Braddy','inLJjx8LrRV1Gx8H',226,1),
('Emilyse','31Fv65mSnTR75FnY',227,1),
('Nayea','NAPJxDfmf1ORsnjf',228,1),
('Daviad','7z9yxsjyZ93M2MSG',229,2),
('Meriya','cfQifaimHJNuRHoS',230,1),
('Shaw','sJn5_kkAHSAY4774',231,1),
('Aileene','MsyqUaBAa29FP5O5',232,2),
('Ayna','sCeYTZJsXICajlYd',233,1),
('Charliye','CGDzy9qPUOoz4XNq',234,3),
('Rebexi','Q5PSQ5ow5BsA2Wqi',235,1),
('Reina','AMNTkpUSXNI3f_iH',236,1),
('Roselyna','vgZ8VTsSvteUUtZy',237,1),
('Eleno','zC4voHc1qlZIpqCz',238,1),
('Pax','qeiQWst2MZmZBekp',239,1),
('Braelley','y6JwOou1SjrxbAUf',240,2),
('Alexin','iB524c_WANFlOknD',241,1),
('Geral','1gOlhBZx1_GL1fKV',242,1),
('Jayedn','QPs2bnK_SULZVurb',243,1),
('Diyana','OsKocQkPoKmCg8fv',244,1),
('Ahlwin','3DCrbJ3WmeJtr4hP',245,2),
('Briyanna','yOgqAGvbYReUvUG7',246,1),
('Wils','XsCx8m637uAM1osG',247,1),
('Jynna','dvANzVq5YLoICyOB',248,1),
('Daviad','3XFFLN3JPZ_tZKnJ',249,1),
('Taeliyah','ECdRmDwS2wpraXgf',250,1),
('Madn','rk8Re9LUbLGH2aE9',251,1),
('Dayana','Dn7Ik8bqHFcEXT35',252,1),
('Iveanne','MyuqVUz1RwKYDspl',253,1),
('Tobis','8BKZKhfqPYVTwuLk',254,1),
('Krastin','gcgLearHmVMUCLdG',255,1),
('Ayden','vAY_trSzd8_aVc81',256,2),
('Layne','Au2TfY1GrgUNMskj',257,1),
('Brandon','EAUD81rVleprJ_7b',258,4),
('Kaeya','HijLbmLbfpmQbBmY',259,1),
('Hoard','d_fM9TOxJRWpWD7u',260,3),
('Brayeden','hjYE5DbeddUlHAKI',261,1),
('Tyze','ShakQO55RqLKaDUm',262,2),
('Natlee','tTyWirgxxJoGyZrv',263,1),
('Kily','ZK1Wvca6KLetu9iK',264,1),
('Waelon','CH96pvrvRrRK_4Yf',265,2),
('Kirsen','1u7dpFF13atMotsr',266,3),
('Rogr','di6NO4obO2qt8BRf',267,1),
('Tristen','yTvOIv_RyFvV8g4H',268,1),
('Harlin','mpCBlAKy6i3sJN3J',269,1),
('Draex','HuWIfBLxSJgboeYN',270,1),
('Aemmalee','xTAfXTk3zHLvVNlT',271,1),
('Knox','XRwphN_a6Rka8GOB',272,1),
('Tatm','DInt5P5niCaLRzJX',273,4),
('Giana','YkIKJvPVVCCFxxor',274,2),
('Cedroc','LE1FOI_EsYUAOKMN',275,1),
('Rohn','L65iOeEpJaT_Mvel',276,1),
('Herlee','qguBnNBZhNwF5B6M',277,1),
('Taiana','mVKlpNsJkjuG3b98',278,1),
('Allan','FgOUHTx3YlzrKDuc',279,1),
('Jael','kvtTbZQppKjYBZgg',280,1),
('Ahbel','xB9UrBbjvKxOUAMy',281,1),
('Cristover','jJslFYt74ukzxl9a',282,1),
('Aksel','XP5Mw727hg4Tu_UR',283,1),
('Damiyen','UBBuUGHkFZcrOi7W',284,1),
('Zandr','pzFk8_SqGhwWuTK5',285,4),
('Julyen','KuE4Ye2Cbd5Q57_e',286,2),
('Blayse','1iFJRPHSkmxWhWiH',287,3),
('Thalira','YBB1dASzmeP_H_Oo',288,1),
('Meado','LEDM8uxmFKbpeZnC',289,1),
('Damari','dPh3zVGqkK7N3zkF',290,1),
('Iyleen','gm9zfsSd5Wi2FObA',291,1),
('Erisha','bnK5Hgul5lqsLz2H',292,1),
('Catlea','TvUnOFGDzmhiggXO',293,5),
('Astin','HoeS7v6Htvr_6y8P',294,1),
('Saedi','VRpKhFlB6UnmHr3a',295,1),
('Hoard','Kr8LmVfVSGh1Auvw',296,1),
('Haelee','zhajujuZfY_eVSQH',297,1),
('Aiden','gK1lilujwUFtrlyv',298,2),
('Maenzee','9GdLNrdNHRZFm56D',299,1),
('Daviron','SrHW8FHWV7s42fYX',300,1),
('Braydan','iu97nUFd1fqfL6yS',301,1),
('Kayelin','dPaKyo8z25aJ85_G',302,2),
('Nahla','n2dA7NNcdP6ttQzs',303,1),
('Zandr','9FUeV2SIGfqY15Gu',304,2),
('Yan','XyVEn335gm2FXytq',305,1),
('Gavryn','UGzonftnaNbgFIO6',306,1),
('Adlyn','rVI4z7W9JqIViabg',307,1),
('Lushian','_sITyCZaPdH_SvJb',308,1),
('Sofia','kso6kUOQkTuC3Ge3',309,1),
('Aeyana','GjY8oi52WS4M7k3i',310,1),
('Evaelyn','leUFtOhuZQROKlxK',311,2),
('Sanyah','85I35EMx3lEP39vb',312,1),
('Elaena','_tMAaDW7hcjZo5Yy',313,1),
('Jezper','V9vX74hRi9iIfiPd',314,1),
('Briyelle','EmEGLWml6mGCppt5',315,4),
('Aymee','aa5kjMc1NkKmwOkO',316,2),
('Rosaliya','UQHvqfdCK5IG_UsP',317,1),
('Maddax','jwLoJNyyTbcNo_lK',318,1),
('Davith','tKIOawlui_sdxcLw',319,1),
('Mikl','gnNokczquga_uMow',320,1),
('Maverock','7zzrcsX_slFcJ5ug',321,1),
('Hectrr','bO7DEiExFYL1jTYv',322,1),
('Francole','NwxYnrdG5p8A1Wln',323,3),
('Medo','Ei2J4rS7GTyKl2_R',324,2),
('Banca','WQpWzt6z6hXqfBaR',325,1),
('Tray','EzaIge1qFlhEdgQh',326,1),
('Augus','X4cJTA8JXudPDSF8',327,1),
('Phenix','BWCN7ewEhPSubAs8',328,1),
('Acsel','bhFlrTsDx6O_9j7u',329,1),
('Kimbr','cy_GNNB7TknNmX7h',330,1),
('Aneya','aDuUkCKM7I2rEJ9I',331,3),
('Bobbis','_zbxBys2DBwq5n9P',332,1),
('Raeyan','Ed7kvKAxbInbvFag',333,1),
('Daviron','9Bm3fgPHf2We1uVX',334,1),
('Dmi','IH2nJZKk81ttg8hW',335,1),
('Valrie','MySLSZjoqd7gSRsk',336,1),
('Celethe','1iVHZIr6MTP5vOo4',337,1),
('Mayve','C4u3VaSyf9PqT5BV',338,1),
('Amelise','l8K7oSsY3iMhiwUa',339,1),
('Horris','lfyqK5tdvhr5FznL',340,1),
('Johnath','56BYUL44IuZGySDg',341,2),
('Briyelle','Pspab2o67FJv1Ha2',342,1),
('Rayven','gXKGPizBu4JG1L8p',343,1),
('Kayel','PkMZIrWU6MMkbU9a',344,2),
('Camryn','TGGyZNJJmS17aOem',345,1),
('Roys','D58cnODscT4lYiXK',346,5),
('Adahn','i3fFpq6sJieA75TK',347,3),
('Erix','n6pmY8Vf3syWzZ6x',348,1),
('Lillya','LD2do8yQk5JcxdcJ',349,2),
('Jaeke','_F5BTZfMXbsNoqsz',350,1),
('Kaeleen','4oa7DgRX6M2WK2p3',351,1),
('Jaek','Ffc3jrNukcwTaJNK',352,1),
('Callin','g4Vj8o5yPsGsLGx7',353,1),
('Ayna','9rBQrgnCrKI8SYXD',354,1),
('Waerren','qZTnI3rYmGq7PGJ1',355,2),
('Natlee','rK3gh8pKuM_MyRUe',356,1),
('Braeden','Bb7mK8tGCO3NbDvk',357,1),
('Cristover','BFlwXYFnokDe47IA',358,1),
('Johnath','PEQBaUkqXGGq9qwJ',359,2),
('Arjun','g99EPnTKYtSO8dhD',360,2),
('Alezand','zFVbiyzjrNz34u73',361,1),
('Jayla','OL35PHdn_N54VnW7',362,2),
('Aedan','hurZtP542JtLGNz1',363,1),
('Myles','kXl1pXQKFMCFuppc',364,1),
('Aeden','h5YO81MgGbG6qIfe',365,1),
('Caelia','7e8B9wuWRqkCtiqy',366,1),
('Jilleane','DxwhYnb9FQSX7gWA',367,1),
('Rosaliya','7kilx31ULB1UE2J7',368,1),
('Aubriena','Dy9CNgScBKjLw43c',369,1),
('Temrance','BkDks5XAtF1iMwmK',370,1),
('Rohn','IROUQwrQYesEwmlV',371,1),
('Emson','eqIpzyvl3WoSIrOl',372,2),
('Knox','gC5Yh8QlM2WdoTP7',373,1),
('Pabl','YAvYaEpGeQNNnr4y',374,1),
('Briya','3fZN13xpIqqlpYOq',375,2),
('Belenne','vPBuMbADsjc1zC7z',376,5),
('Galya','aCYVLZV_FRAwfyKp',377,1),
('Jazmi','6h7mhbOA5ABj6YS5',378,1),
('Annalisa','48x394Yzc11h3V6X',379,2),
('Bohin','afmFuWcgFtJ4tOJi',380,2),
('Briyanna','TnyNoQ7rzdUahwqq',381,1),
('Zand','NvmtxcLXytCN2ZWr',382,3),
('Bohin','M_bVUVdnrCJbDmLB',383,1),
('Abbyl','z1oN1OgYfvy1msMQ',384,1),
('Geral','yvUrH3oVdo1PTBGs',385,1),
('Adrihen','kA2OIVuimUVbj8Hh',386,1),
('Lucira','UUKA3IKxLdnlpTR4',387,1),
('Lainesy','hY5ia5s_XerUR_Jn',388,1),
('Breaenna','cqoRGn_m3_qmbvvh',389,2),
('Yos','_CbzS88yq7Lc4325',390,2),
('Maelynn','qP96Y5PkEuC3uYLK',391,4),
('Adrana','VEVH82qnB6CEDvuw',392,1),
('Asan','ZUQo8SPtSlhlxTEX',393,1),
('Laenard','OXPUymZSSiXghCv1',394,1),
('Natlia','B1TojMJw2yfL7AkE',395,3),
('Jaeke','Kz9XZLiQSlC76JNM',396,1),
('Melo','ljqVmvgPRCB66tn3',397,1),
('Taera','iFO7iBGeUl1EieQO',398,1),
('Ahlex','hua3ClTnvhPeOAbe',399,1),
('Meado','hyMaLbM6hQLNBSqI',400,1),
('Bridgeth','t9z5qEfhse2fEVsg',401,5),
('Damaris','gTlgC6ceyBUlMBln',402,3),
('Axtin','2Gyzwq2MzVJqtaLO',403,1),
('Jordyen','9uXpN2uHYuTE4TXE',404,1),
('Eleno','JreEUNwqpcK4DcEd',405,1),
('Evaelyn','8jh4zX97V97Ac7Cg',406,2),
('Caemron','4XdhK4csIuvNgD7t',407,1),
('Coltan','r5U8x_RdHPOkspka',408,1),
('Aekira','iSyPgGmFD53z8xoc',409,1),
('Haellen','DrxngoVTXUDkTYU8',410,1),
('Juith','5_ivMFwzqZdwQyqd',411,3),
('Arlyse','jcckpV7EIwyGKT5s',412,1),
('Daryen','ncNiUlSVCfHnf5EK',413,1),
('Jazzly','NfedKmtixvQ1FcBr',414,5),
('Aryanna','Hi_GREiQseTCDsEO',415,1),
('Jaelyne','Mbq5rKMiUHVSejWs',416,2),
('Rosha','tUkj5RTaZbvbhWcF',417,1),
('Giyana','tOGx5Rr62LXaQz7R',418,1),
('Alber','asTQI94Rqw5tSmlM',419,2),
('Baethany','L5ye7SaFTAP2472u',420,2),
('Laytn','Emz3LOn_1D8BF8QU',421,3),
('Bentlae','H4raFAGGdSR2h8x3',422,5),
('Ryliane','PSOgAKT_sA3saduJ',423,4),
('Armanix','eKYmzyw6ZOPoCujZ',424,2),
('Tristiran','FVBfI4zk1is9U2mU',425,2),
('Brunnos','HGany9QF_ZwU9xoX',426,1),
('Charliza','16oLlHheE2gaY2ND',427,1),
('Crew','BDxDQyR4AMj5nfRF',428,2),
('Ceilia','KoPe3FzBR8fj_bst',429,1),
('Enderson','4l2hCCdhcCY2Qeoi',430,3),
('Aymee','Q8EQs_w9Pet8h4a6',431,2),
('Frankin','3T4Qvaw25UNtewFH',432,1),
('Rosha','Ke_CVDJH_fyo8ijr',433,1),
('Zimon','Su2XEzVwb6AsoU2y',434,2),
('Davian','VGa9dGVjOIEYwMAk',435,2),
('Braealyn','dxpbF2Kr85QB9xyd',436,1),
('Ysaac','oiQZAzx2duqJr_GT',437,1),
('Zarinah','fexkdTDEl3foNzEW',438,1),
('Abbyl','yOK4tmDBZcLpnmej',439,2),
('Cartr','zmZcWpB5MytVutSl',440,1),
('Rayely','a3ysNHp2htPakE3L',441,1),
('Hendrix','Mtbtbf9N5kzAEBAq',442,1),
('Kohren','vvjG5gINtZ8hGelt',443,1),
('Broggs','CGK75U88RRkhryLw',444,2),
('Taelor','tfbnRt7HaFFD67e7',445,1),
('Brialey','Kb8OF8afo6lil1DV',446,5),
('Oron','NxLn6YNtKclN_XCH',447,1),
('Aedyn','w7_MkgBEBNuXgNZY',448,1),
('Brayeden','F3ZC2zzYHFQ_QULb',449,1),
('Landn','9xNsZJBUVFDXoqKf',450,1),
('Abbyl','MgrK3nXyjbs9jOjq',451,2),
('Ryliane','iVVdiMHwa2WQDc12',452,1),
('Erix','EkdvTBkHwo_dfnvq',453,3),
('Barreth','bc5uRberj1mf5_OJ',454,1),
('Alren','Scy9UsRHX5dj4VSt',455,1),
('Zaid','FsCVIJDW44_IreNX',456,1),
('Zavr','f5fqqjESN1qBSoe4',457,2),
('Tira','pN6qCiDOLPcimJlH',458,1),
('Waltr','tmqXpArN_ZxheSlx',459,2),
('Eleine','N3tFhoXrxqqH254r',460,1),
('Coup','QKhxdgruK11BBtgE',461,1),
('Knox','lmMNQbWubyIHaYpx',462,1),
('Arbelle','8iABEI7S8313myKz',463,1),
('Vaessa','yM6OJtfBBHuQZ8AA',464,1),
('Wils','tQ1aqpAB_8ijaSOy',465,1),
('Colrin','d7J8wBgYTSxXyWn9',466,1),
('Blayne','nlchVr6ICmEzPGgp',467,1),
('Charliye','6_x19u_1_wBV5XB7',468,2),
('Own','YxYz6TrFOlpVLXjG',469,1),
('Ariyan','bu3AH6AAwzMvBY9g',470,2),
('Bentom','FjEWzR_N_VDVV8vd',471,1),
('Davon','cw8Kotlj8uKcVNzw',472,2),
('Valriya','rCamczQy4yjm_Ds1',473,1),
('Breaenna','WQpqnEjJ_8uJLwrY',474,1),
('Crayg','XfSSq7KvfuCP_Rzt',475,1),
('Isbel','mNxbdCgostsuka7W',476,1),
('Graezzon','25BxTh_RjB9GdlC5',477,1),
('Callin','Y7qtSyqeUNwTAxkb',478,1),
('Jaggex','YTgLekGZUDccEivt',479,1),
('Kyris','6SIRGHhUzRtsivUD',480,4),
('Brae','yuo2pHQU6vWROCBV',481,1),
('Elex','uaMPHUfrwGQJqMEE',482,2),
('Emerton','JwZzBZoMbVFUHxwB',483,1),
('Koba','K86pFflwlDRscZCb',484,1),
('Ayaan','UYwwrLcRpOgoeR4P',485,1),
('Jaeden','UFbn4dfS8cvq9BNe',486,1),
('Aerora','LBfq29ELSStlS74f',487,1),
('Aera','5E2WFCdvEaMkhhil',488,1),
('Antoniye','P3KwtbKJXpKdb8IN',489,5),
('Aemmalee','6XQlLm6qqJ4ayU7j',490,1),
('Rane','1emotnQD9tLDR1qi',491,1),
('Cyris','vI4gXib9INKgeiuX',492,1),
('Brodin','DXMqYBwB7afQSfP1',493,1),
('Braeylee','h6134J1l6XBFLl_D',494,1),
('Aeyana','Ci3hL3MsfRCzUPqq',495,1),
('Enderson','ReuRMYPWiLBLgSxX',496,1),
('Aris','Ih1_HwnG6rx8UA61',497,1),
('Caemron','IOzehL8NQcCTvfet',498,1),
('Damiran','VE1365e_DLTpOtfY',499,1),
('Davith','2Uc9NipZ6Cxm6bwe',500,5),
('Saeva','iPMxdjk3b5Zwkcko',501,1),
('Landn','3PABskIaoxFRMAYq',502,1),
('Wayn','5w6CzaO4ppuxR8Vq',503,1),
('Colemin','Usq4ulQ1G9Qh6F5d',504,1),
('Kohren','uFMpxC5Ke_reseEK',505,3),
('Haellen','ZUn2yEsuXXjWZ76W',506,1),
('Ziahra','l2RGzfojfZ1wmU2f',507,5),
('Haral','ETzeoqta8uh51V2C',508,1),
('Zarinah','78jGMxcO4nfl_Xr1',509,1),
('Gayel','BCLrhRAIJ87fTUCb',510,1),
('Jaemma','Yp1Db73Ef7OzPPG7',511,1),
('Timoth','1u1Cjlhmik8HVbRP',512,1),
('Emilea','sQZbd8zUMUKcswJu',513,1),
('Kold','V6HzVfRs6HitdTfz',514,5),
('Ryliane','pajJCMqpZifDECkx',515,1),
('Shaw','1kpEf5NSPEaGixAF',516,1),
('Kai','zGSPpE9xyLbRkqym',517,1),
('Aevangel','NxoY67QKsmnQflWW',518,2),
('Martn','VGF_w2WTH_TWbBOv',519,1),
('Reesha','UbwAAHtXPeeeVDDH',520,4),
('Brack','NxOlYsKCY87F6Dbz',521,1),
('Jayedn','jAl7It9BOFWBss9A',522,4),
('Damaris','_zxxlIMYqjjIjN8v',523,1),
('Belenne','B5VAUirRNZDikV2P',524,2),
('Emilea','bD7U67bs9BpTiYbA',525,1),
('Juliran','tf1BaBwwkM4Fu5r7',526,3),
('Lolea','Zf4uYj_okXrH42Bk',527,1),
('Galea','9zIPPCzHeypDK_Ct',528,1),
('Henna','seNPobYlbSCYNOjq',529,2),
('Makenna','HqY4AMTzMAQ42J97',530,4),
('Yael','lL7D_7RJCVrluN7P',531,1),
('Conr','WeaPzm8Jvpt43Uxs',532,2),
('Laytn','BZL94OBRF7g8wocP',533,1),
('Jael','XMnMOb68aZOjdjlO',534,1),
('Dayana','hqCOHoWHxztYJ19D',535,1),
('Brayln','XpIxopiwVknstf5W',536,2),
('Jaek','T_8HK43rB1Nbg8qE',537,2),
('Skylr','Kj2Co3fVKi7vPdVc',538,1),
('Mikl','gbAZN9jyH2kiNsn8',539,5),
('Rayegan','23MYbipq9KhT4cAD',540,1),
('Pax','RcgZzkp9ggnfvMDL',541,1),
('Riya','ggTY4QoptszXSY1C',542,1),
('Aedard','5W3whSluc1b1XMpa',543,1),
('Taeliyah','5dcgYxpSmKOgxqPk',544,1),
('Oron','1ZW6vXAMP3J3TjNP',545,3),
('Camryn','uxT7BiOaeWp89uMU',546,2),
('Mikaela','elWUxzmr2vrUE6dr',547,3),
('Renaya','ujnGOy8wpAkjZfGU',548,1),
('Carbin','9_14HyeHY7CYVx1O',549,1),
('Wylo','j_gcntSbMNLlWYSe',550,1),
('Alexin','wMHiHYqtkWMpyanw',551,1),
('Rodrock','E7N58fdAPfflGE5g',552,1),
('Makenze','VdCEoD7JCGLrG3qd',553,5),
('Myha','1BvSVok8j7T5lBIB',554,1),
('Aice','9I_KLaE8J1vr18x3',555,3),
('Laene','pSsx43p3verEFgOg',556,1),
('Baely','jKeGHnPBBchKWcxD',557,4),
('Jefrye','4tDmFtree9vgF2TT',558,1),
('Emex','g1GMXRuJ4YBJQuvK',559,1),
('Anahi','FWpZf_A4eMV1p87Q',560,1),
('Ahron','gBIudYmjYl4lDXNH',561,1),
('Niklas','8dhqxYKaXIKvgRu2',562,1),
('Leeroye','HXSueoRtzXiGEIEh',563,1),
('Brunnos','Wgz67akZ2WfaGqP8',564,4),
('Geral','gbTp6yxwW5YBNZvu',565,1),
('Sofia','bBGGBuVZbquh38bP',566,1),
('Waltr','GS3oCqGb3j_atyl8',567,1),
('Koltn','EdMJucXhz_kskxF_',568,1),
('Taryne','OtiXSHGpHO_yBidF',569,2),
('Curtix','msBZvSPcCXMOiH8m',570,3),
('Brack','QHvkm5OEwDgTNlN8',571,1),
('Adrihel','NxVRz4eYYMMgOzhf',572,1),
('Tann','zgpOyvFZXq9EGAAk',573,1),
('Kamern','jW4AxwQNK6R7sx8W',574,1),
('Shaw','gUToqKtF3QvgIlMh',575,1),
('Xavis','dkoTkZSFXVVoowf3',576,5),
('Reighley','yw9L5rzBq1xteWdo',577,1),
('Jayecob','He8GOwAORQIq1luB',578,3),
('Adone','6Lbxzei2VUON7mle',579,1),
('Carline','DbeaufCi_dm2YLgB',580,3),
('Milaia','fInje937mmbf65lF',581,1),
('Frankin','5OSWio9XmJk3UgoN',582,1),
('Augus','rmxGI6DYc5L_N2aC',583,1),
('Elber','UvTALWNNQ5WsKLl_',584,2),
('Olver','A6A3srCOG7CELLZY',585,1),
('Taraia','tt3bAifYhgWspkYo',586,1),
('Alestrandra','JMhxrtFnBRyTF5QB',587,2),
('Wils','FP_8sCkVuTZmEODn',588,1),
('Fynn','qdV9rOjtANRG_u5P',589,2),
('Talira','7wZvha6EKAugWHM9',590,4),
('Ceilia','ccZUTr59qhRhGsEI',591,2),
('Carbin','27vgviwmPT7YfRyg',592,1),
('Milaia','msWXgTcLijvwlM1Q',593,1),
('Phenix','4CoLkG96lPUyY_ou',594,2),
('Antorn','TrZVh8BJ4F1SAlae',595,1),
('Rachle','bnFnCCElgqHVeT9t',596,1),
('Arnav','yhTEYyVzIsBO9wU2',597,5),
('Carliyel','OQ2cYAkxgC3UJEFd',598,1),
('Knox','O_A7y5MebpBQRVS2',599,2),
('Braelley','XJY4N7OlB4RRnUZx',600,2),
('Seliah','m6wJCYoNEVJfOhXq',601,3),
('Ryker','qcMKaKgLnvEuN_fX',602,1),
('Davon','XfEOm8yzwITM8_qz',603,1),
('Xzavis','J_MzJA8t7qDVDUzd',604,1),
('Coltan','3LPuI8lCHXQI2y2G',605,3),
('Davith','LTwIAI8mh_YYhwv9',606,1),
('Brodin','slBt2snBQbTKleMp',607,1),
('Ashtom','I14hfuNW4gxIDqAY',608,1),
('Abbil','QI3fyrutSt3t_62T',609,2),
('Reiyna','T5Mq9suRiRKb3_yB',610,1),
('Reighley','fqlk7xmBUsumZXGH',611,1),
('Khal','fUULcGm13Ndy38Y_',612,2),
('Iyleen','ZETNRzi1LSv5qjvH',613,1),
('Taeliyah','g4zTORQ3spIsNFkz',614,2),
('Maianna','PDhSTZwh8WeavQa1',615,4),
('Madn','MB5nf81bEJr6QNZe',616,1),
('Paxtn','QK61U_6zQxJqXVSU',617,3),
('Malax','ntEaxJ7JYheJML4C',618,2),
('Yos','ZDbkWjNdSBRKGgf5',619,1),
('Zaid','eIrKTMlcLv8AcrWF',620,1),
('Isbelle','FsOcurpuT4tMEVin',621,4),
('Antoin','HyCkfXlHPN9hsCyB',622,1),
('Jaesmin','wyn8NnsPGhgO1xay',623,1),
('Renette','7HrFrW6rL89vfezI',624,2),
('Abbyl','bUYl8h9dqyvr6Bch',625,1),
('Kimra','jQRf4gv7i8kB2CyH',626,3),
('Braedy','XYWgCaU1Nw6_aG3v',627,1),
('Elrin','eIKId4HyPqBQd7LP',628,1),
('Kiran','i34G4YuAXSdxna4O',629,1),
('Camryn','4o1KLT96J6rUWBwy',630,1),
('Tobis','_vlfx_JPjwbgPurQ',631,3),
('Viliana','4GSaFU42PFtlnmed',632,1),
('Kayetlyn','qYhOhIws8neFT8ad',633,1),
('Briya','G2wpusFn3U7ViL6W',634,3),
('Thoms','IyaIDpasLMJphjYD',635,1),
('Jaxer','1534mxgnb1v3QYGN',636,1),
('Darinell','LEnQBCA4Zv9tBZTw',637,5),
('Alin','37lC8l7OCArxlIY3',638,1),
('Reegan','Pr8mdpHBApLJNkoI',639,2),
('Sanya','kwWh4eOXchKWOnp3',640,4),
('Camla','m3rtjfpNRNLY_DCf',641,1),
('Brayln','qVl6RuaR3IUor7vg',642,1),
('Lasson','tBlWopGxuSMGyRC6',643,1),
('Maxtom','iKsNe_hEpyoNH44g',644,1),
('Briya','WzODg7wXhSv5NWGb',645,1),
('Walkr','PevYecYj4iXCinTK',646,1),
('Makenna','Kq5453ettafmnNU3',647,1),
('Aydan','WZ7kK6z8up1qeV7q',648,1),
('Elijea','WMBXjl2OEgZqlw1V',649,1),
('Lero','AZFeiQygBm49g9yy',650,2),
('Geremy','F6U5scKh1RRi7_CD',651,3),
('Dnise','4pGqy7QoWWJAAbGQ',652,4),
('Galya','td_Gf9fRYNM_iL9c',653,1),
('Gabryel','VgE7l_D2Rj2bY1oN',654,2),
('Jazzly','smAXN3yGohZYUkN9',655,1),
('Anastase','ZZmJnepO19ipaPrl',656,1),
('Aebby','rj_agCGq2GtKOBMb',657,5),
('Sereya','L4BHJg4JAW8U4KN6',658,1),
('Melnie','yLdSmfKH6pIKju7c',659,1),
('Atticas','p_opU4bnE8lXSKjE',660,1),
('Braelley','RBwNRzz_QhXquwKQ',661,1),
('Bouwen','nnutaVfvY9fFMWIR',662,1),
('Waelon','wlm_i7slQoGsjfsW',663,1),
('Ximon','273onYtkplHYB1X3',664,4),
('Yahr','Irf2oJUmqWZILJvI',665,1),
('Adrihen','hmjh2DZnqnb8RrAd',666,2),
('Doryen','DZJfqdya4UVO3RVB',667,4),
('Gayle','ZTww4YfTVO9te8dl',668,4),
('Duglas','piMuPTfKuFCKuLjY',669,2),
('Gloriya','PSNkkw4PdbsnBhNC',670,1),
('Caera','IEA7A4AxV1BdscDR',671,1),
('Wilm','bCPnoZSxpTJocFeb',672,1),
('Deyanna','5mh7v2Wnmp_OdmPp',673,1),
('Krastin','L8eBJ8xAM6EWeZj7',674,1),
('Melnie','ZAxUba1D6pMjrXBZ',675,1),
('Karzen','w1BcNunP9RaLiBMh',676,5),
('Drick','9dAPGr55DY2yQyT4',677,2),
('Colbix','9SsZMiMbZU4lZXux',678,3),
('Adlynn','vgN_5IuBspjSkAm5',679,1),
('Kyndle','Njt4WuiLNKioz7Cl',680,1),
('Jacquine','Wbi79pF2n5tp5hzh',681,2),
('Jaeke','WKntWWoyOY6jHRSg',682,1),
('Ragan','WdfKbVHWNReK5fI1',683,2),
('Kaela','qLXYswdxCnJcCHl2',684,1),
('Callam','Exeo8PseMrbZelAc',685,2),
('Pax','oCaxXPS9wBgkZTMk',686,4),
('Mauris','hnA7_xs69oeQURkJ',687,1),
('Justan','YNQrelj_9Ah1DE3K',688,3),
('Arly','rwJIqcDoI7gO2MNd',689,1),
('Rylan','SzUj2GaZ9yVplfiw',690,5),
('Emiliye','TBVptc3DxY8LNVHz',691,1),
('Loriya','ptdMTLAnjxCn1fQT',692,1),
('Jaden','8hGhpFbDZUQFf3C5',693,1),
('Dnise','sf7Lj9jqItWEQ9_v',694,1),
('Haylay','9nFR3VTzPiiLsU3n',695,2),
('Taraia','WC2Am1zos35cbOPc',696,1),
('Curtix','8GkrojeUmom6f8sU',697,1),
('Maeve','nIsYU9xOJoWpikfF',698,1),
('Gzad','ie6_WeJ2XX6QRwLn',699,1),
('Anderz','TRdubIYD92EN3YoS',700,3),
('Elyot','zgRLEhH5ZltMVSmO',701,1),
('Yrenea','86jZ53WL6QMSgrnm',702,5),
('Alixandr','QoIHAn1Pq2cevt5R',703,1),
('Blaike','YsrCjb1NbpE7cNDZ',704,5),
('Kalyah','1sP_SkIW_xLkCeFM',705,1),
('Edvin','hodrAPnuRqoRVssf',706,1),
('Patrack','V3knXZXnLpBiKKMH',707,4),
('Harlin','stslXGIst_jghAuz',708,1),
('Nathanael','k7mYxJk9eQa2iNmN',709,1),
('Gavryn','eiYWh8S76eDYRPgp',710,1),
('Alefret','aOvs8xk9z9szaNYP',711,2),
('Braedyn','U71VWheagJdilfKr',712,1),
('Eriska','ul8LCTKih2ZPuIyA',713,1),
('Charliza','NvmzWPDWhuDwE2l6',714,1),
('Aubriena','LM4QJFtL59QPpj8E',715,1),
('Anderz','ywP94yLUQOPqFDjl',716,2),
('Deabora','WwRCbuekKAkPOdMc',717,1),
('Ashr','6ZC8Zgi4j8CnGDbD',718,1),
('Derril','ToPiIBZaVfQSJKJs',719,5),
('Andry','UUCMl6Z63URVDtwq',720,1),
('Karzen','u235jMgaJjwxhtbA',721,1),
('Talira','f4M4QBoAgr739RTX',722,1),
('Brandon','ZUVirLw8OVDbxP7C',723,2),
('Laenard','Q5HDByMCwVlkJIpJ',724,1),
('Austyn','8tBv5TbQsiIPoxga',725,1),
('Camran','MO7MZ6xTuMu6vFuI',726,1),
('Axtin','OQzAqFLwb6MwuHWu',727,2),
('Jaesmin','dKIgIaOP9UP8Yasa',728,1),
('Aleigha','XtsIrq2JdqkftayO',729,1),
('Sawyr','IL7gF1bi5SwBWNnY',730,1),
('Mikl','QxT6FbWu_S11fwsC',731,1),
('Yahr','51hKdCakyjQIRcAd',732,1),
('Taryne','vzt9KcheQIEp53zg',733,1),
('Reesha','ph97IXQEZ1gVIGGY',734,4),
('Koltn','gijYE3YN3lXAwefa',735,1),
('Allan','6bmDNsKfu3QRJVhk',736,1),
('Ryder','f2tFWXeoG8fM3Zeg',737,1),
('Kaydn','TK_Xxi3dFKYoh4dJ',738,1),
('Jordynia','pFXiGKJ5PCxHsfoo',739,1),
('Annalisa','FMfgWjwQsZF1E1Cv',740,1),
('Elex','QlAUyq6LuSigyv4w',741,1),
('Xav','lvI8waVx8UAXZERU',742,1),
('Betrice','jygPrIFsROaNuJim',743,1),
('Beckhan','YgCpFicaVVCA5ZMd',744,2),
('Cyris','NTKXyM3mecSrtV23',745,1),
('Jaelyne','iyXh9fuwKjqugS1G',746,1),
('Charleagh','NrgnPrJtK74yKikM',747,1),
('Alestrandra','V6cFPJxLisi1gNfw',748,1),
('Aelani','MTGzFfSwXgVwXhn5',749,1),
('Brindon','oJsIsROVrfwSlrjf',750,1),
('Kirsen','nTLRnlrqtTanmxV1',751,1),
('Brindon','2gOGYIYcB6YYIjkf',752,3),
('Ceilia','PG91F65zsJ3MD1Zs',753,3),
('Soaph','nru6h2Uj6maplOPG',754,2),
('Allan','eaB9r6g4H3a8U49f',755,1),
('Camryn','lnOx851khYkJgpR7',756,1),
('Atticas','XSN2NqIxQL6Q4Ozg',757,2),
('Aisaak','EVhMW_chsy5GVktB',758,1),
('Acsel','wZDkGV8eyAbgU2j6',759,1),
('Kartr','GDrOtqqaqBOVg_o7',760,1),
('Marsa','niqPcmz1Dp8bsLt7',761,1),
('Megn','HKpiHHp8hbehGHLb',762,1),
('Daltom','4mAkxNC6rR4zdCwd',763,1),
('Ahlwin','p8TH9ex_KiDCtqSw',764,1),
('Alixer','anDJ4QraDDRBs7i5',765,5),
('Zaen','OteYeShoAoEUlBOt',766,1),
('Adriaenne','JnPScfOkWrGfmkmk',767,4),
('Dariux','u5H18y6LClXDLBv8',768,1),
('Ellayina','o3QfIsStJCb5vI94',769,1),
('Brack','TiR82ln9eGz8Oeqk',770,2),
('Thadd','KQjYuKXZ6RbUvH6W',771,1),
('Landan','_yJSyrZ4RrRlQCyk',772,1),
('Ryliea','ERfDSxCcAgROGzyN',773,1),
('Jaiya','OTILz98qIuSmbnGW',774,3),
('Emilyse','6Tssi9212ShokhNT',775,1),
('Billix','w7yysbITo1OFK6iW',776,1),
('Codix','AkPtDncrqtA8TiA9',777,1),
('Jaessa','7BrL1sJUt89VCa7y',778,2),
('Agost','Rp7mzD_Fhy53hjCF',779,1),
('Janiah','kiFW19jbTHz6mpXa',780,1),
('Scarleth','XYc89NolYXJ7bHEr',781,1),
('Allany','QjS_ChCLQ6ONP7RT',782,1),
('Saera','p4cbdqJuM_UXS2xi',783,1),
('Briyanna','jGnMQkJytuwmdPOF',784,1),
('Erinne','VGoXCcpv3XmFcUOT',785,4),
('Viliana','GND_LLJ7adUXb4Cv',786,4),
('Renette','kdlN4X8xohDJk2oJ',787,1),
('Doryen','iUleCga1QifEaAS5',788,1),
('Chrix','EFm3TZFjTuFqd8po',789,1),
('Arana','nuZy5u_a48Ui_mhU',790,1),
('Jame','jGTtPn6Kd43fp9IN',791,3),
('Brigan','zqPcgXASGmwPRq4s',792,1),
('Jexica','L5yySMaLp9jUnAhE',793,1),
('Emorson','bIMrlsqheUrVxkZB',794,4),
('Patrock','PBPSkMAT3nDVKsuz',795,1),
('Riya','dwGzBoeCORbpFLuN',796,1),
('Brisea','ohHE3QhAKZylQEX7',797,3),
('Layala','sxLp3KvsjQbxegMF',798,1),
('Jaecob','bkOvI4ztyU5Bbnpg',799,1),
('Thalira','zCZDEJ46t_TFjEZH',800,3),
('Layne','NyTq_BqRQXxFCm81',801,1),
('Chrix','Y2IGDcznRE49dk6Y',802,1),
('Sealena','stkBpBkpCOez8kn5',803,2),
('Bruwno','vpvNSYYyhsymuqUJ',804,1),
('Bentleye','bzUS6Vnf1ENyuoKp',805,1),
('Wyla','RwoGg7CYXuRzkXF9',806,1),
('Gayge','UWT9q6OXCARts5xV',807,5),
('Malakye','8iNpWILIMQaBBg3g',808,2),
('Korb','Hcwsn7fPBp9jKery',809,2),
('Tatm','HCPiwUjDzBWidtcM',810,2),
('Moargan','w8BNuKw2XaHzqp7y',811,1),
('Zan','dYVfeAJ6JV96blW2',812,1),
('Brialeagh','xfT3RxU76kxiEMXG',813,1),
('Charle','pLFOKfdSEAJFql5u',814,2),
('Aracelle','D4nV3whKjYtu_9Ln',815,1),
('Maverock','AlgM8lxN2WY_2r37',816,1),
('Yael','35xn1pKcXAoKsa3B',817,2),
('Graeme','8NIyoeTPiqkiXl87',818,4),
('Averyx','i5BBF7uluAux4Hra',819,2),
('Hueson','NNCoGP4Shqwhwclc',820,5),
('Rohn','1vpEx87pLloQe8Zt',821,1),
('Kaelyn','HXnb4E2Br5d7vxEw',822,1),
('Maddax','sjE9_fKDzNFXot5z',823,2),
('Orin','GnYG9UhJa3_alXJN',824,3),
('Benja','gkL6BXagWRMDRxd2',825,1),
('Adit','kLEhiKLyZehn29Mg',826,1),
('Jexa','sPYgCFPCPVeU44M_',827,1),
('Damiyen','bPGGOjTQZsZqAYBJ',828,1),
('Caedence','BCVQaWIVLqGcVj5P',829,1),
('Anedre','J4jSOh5VSx3EmgYd',830,1),
('Braealyn','uGDcmG8qtqFHz2ka',831,1),
('Ryker','NGPx5SAbfCxmc2Jv',832,1),
('Maxwill','KGLQPcvPelqRNwIL',833,1),
('Aellana','CpIFGsaIqogXrKOC',834,1),
('Catalea','LEGa6SrCDADwMybV',835,1),
('Davith','EPBRIJvyTJTnIxdM',836,1),
('Raelle','hSmeYjOcPNJU_jOC',837,1),
('Roseya','OReTUBigL4Gv9KpY',838,2),
('Braeylee','pjwea9ZqnqdznYVe',839,2),
('Nix','3gMMI9LVv_Jh2jQM',840,1),
('Makenna','2fn69elilK8xrckN',841,1),
('Keaya','9CznPuAGITw8H8kI',842,2),
('Kyeler','WVfNdkKU5GsUGZ6Q',843,2),
('Bentleye','hsvOFeCMNy8COI6a',844,1),
('Nayel','NIRf91Ni9kckkqDj',845,1),
('Wilm','mxsURGWIlauY5s7v',846,2),
('Briyanna','uUvLPremYbeOoy8a',847,1),
('Casdy','lsKX2VwIO5W7wGma',848,1),
('Nix','KqsYm_oaMIgZbIHO',849,3),
('Doryen','TiOdoJJKxnCz5xkJ',850,1),
('Maxtn','hXJKma9rX7dWgHn4',851,1),
('Aice','oxrZZwOOxg9DKPWT',852,2),
('Alestra','iZxnQTNaN_cUvJoS',853,2),
('Emery','CLeiXl2o_OZRK8Wz',854,1),
('Kayelin','XmdOhk1ydE4AXEJ5',855,1),
('Idelle','dABAO2DkYZynoM8h',856,2),
('Krastin','95rEUc1AkyBCAQ5A',857,1),
('Desmon','82rc5I2b_4u_ww4k',858,1),
('Landan','vZEblKH9ZiG2r9qD',859,1),
('Saevi','ECETxCu3SpXGjSbE',860,1),
('Gloriya','Ou63pPPO27plJLRf',861,2),
('Wallon','dxxqLdDXbca2cx8R',862,1),
('Cayedn','uWFFMQRCRXTQfCv2',863,1),
('Haeleigh','1fUg6HGnDrRy5gAg',864,1),
('Knox','OeA38XngppxwRfht',865,5),
('Yahr','UPQUgMKCbGYrPEN3',866,1),
('Ryliane','m1WxKBqIb_iq3jTv',867,1),
('Crew','WCHIOry7K3JZZKx8',868,1),
('Trephor','jzYbElvuFwZDQEYz',869,1),
('Davian','8aqe1Ip8y9t4jOiI',870,1),
('Kelyn','72J_9_XoyPqPPiYr',871,1),
('Mazen','x5lvmLMH4NvICiXH',872,1),
('Ton','jidbggmr3ZtcSsnL',873,2),
('Emilyse','UW1ScJReCasM_kxC',874,4),
('Enderson','CwgLt5CkVvD8zC9L',875,1),
('Bryaleigh','fIxIcBxoiCMyowCi',876,1),
('Duglas','w5uc4AXEbUDCD9Cs',877,4),
('Adrihel','EjWSr17bGKiFfnEM',878,1),
('Karina','4bgW44HBdBNTbRVq',879,1),
('Roseya','Yp8ENRqtIjjiCG5q',880,3),
('Brialea','5FKYq9qjlawrflBY',881,2),
('Soniya','NIink9ITplAjf7vi',882,1),
('Jaynelle','9uM9fhYrxqyD948G',883,1),
('Meldy','eNoURL6HYNISPWCm',884,1),
('Megn','3gOY5HIMsfVcwhxO',885,1),
('Anaya','cEZ7qRlzYYV1S_Y4',886,1),
('Atticas','xxdy1xMSBRFVVi_2',887,1),
('Aleigha','y6NI3YLPXLLmjMYY',888,4),
('Rube','nmSqBtYkKNq6J_eR',889,1),
('Gayle','F3uvkghcvMIxUEEQ',890,2),
('Edam','rqQH6eNVJeyZkGdD',891,3),
('Zaxary','MUdl4hRu6cYgETcT',892,1),
('Jaro','I8b8xU__kS_3k2Zj',893,1),
('Abbrahan','hxKAEiv8ZX15cQhD',894,1),
('Edvin','dtpSxEkCunnmoenj',895,1),
('Brialey','BNIP1BVtrwJnRp8z',896,1),
('Jenzen','_2VHQIZ3wMoAHuDf',897,1),
('Xandr','R8NIJcgOmyxGQzWs',898,1),
('Zarilah','8koJxyHTtpOEvwEW',899,1),
('Wylow','7RrvFvybwKZSIdE3',900,1),
('Melnie','6yesDHoV5DDZ2qFu',901,1),
('Chaeya','mO25KsWTZ8ovmZ3Y',902,1),
('Kayi','Ck2cu5tcEmi9YzYG',903,1),
('Andie','ExffLMeMDfxLJoh3',904,1),
('Taeliyah','ZYDwpNabOFPM85Zi',905,4),
('Isbel','9kqox1PiVshjYhre',906,1),
('Rayelyn','OEJU9ZfydW9BXlCK',907,1),
('Asher','r9UxAh8ZLEDhKrtJ',908,1),
('Jexa','Ak1VlFuKnrFkSfRl',909,2),
('Tyze','Fsy99eUGFYhzOeUw',910,4),
('Rodneye','ajWPX4GX7rOG3xPa',911,1),
('Ylena','YVDCYFzocMtMtGHp',912,5),
('Ahbel','bdEoncCc1rHSVYv9',913,2),
('Charleagh','U_BkGVr41ncvfSTQ',914,1),
('Ryliane','8cQ5JOczHqBw1Fkw',915,1),
('Aedard','akfb2GRtawKRNNHN',916,1),
('Graesen','kPqI4GjR4uxgKzgy',917,1),
('Cartr','tW53tJNIRwGC18cB',918,2),
('Damaris','I8JYJ7mnTw7evbVt',919,1),
('Ahlan','UdH7EAzprSJMobpb',920,1),
('Arbelle','XPuQ6WWsFrjYsan1',921,2),
('Harris','rC2wtwUMpEbhjexS',922,2),
('Waltr','X3Z2I5gqkuBo9W_S',923,1),
('Teag','D1WtcReN5VnS2npo',924,2),
('Lushian','BkonDwbaisrVUM9y',925,1),
('Fyna','CwqsvQmMMHp1o71L',926,1),
('Ziahra','TG1KKtvDRFPjf1D3',927,1),
('Zavis','rcPJeC7iIqlBQ6_H',928,1),
('Jardan','VPL9452b1ohP7Bea',929,1),
('Brindon','iVF1KVketzsjnI1p',930,1),
('Koltn','JcQ5fSan_5Lq8SDy',931,1),
('Jexa','UKumhqNtCPh1wfxK',932,1),
('Brialea','7ScLiU_Cw4Bn7rEn',933,1),
('Enderson','Lpki3181I6NLRHF_',934,1),
('Apollox','CXAVZ8y1lMF9xBa9',935,4),
('Fyonae','UjTkb4RAzCPje4yO',936,1),
('Mayzon','uoX9aTQSuxCjsQA2',937,3),
('Anthonis','L6fvg5_1ruD8EVto',938,2),
('Yce','wcZfVH2785Oc9pvn',939,2),
('Allany','BAH5SZZzLhcNhX2E',940,1),
('Xavix','e3gOKuoQae5dyy39',941,1),
('Graeyam','AkqFbmKUmKq9cdG6',942,1),
('Edard','XTeVtoNvvc5aPtPe',943,4),
('Maikle','om3OH9mzvsRXAeSu',944,1),
('Elber','ccagIpDjSfcoVKmH',945,4),
('Taeliyah','7SUxwhQTea2pS3sQ',946,1),
('Julyen','q4eX3aNZ6tUkN5tH',947,5),
('Antorn','zIrTU45ON6k1kBWD',948,1),
('Jaxon','NfkQ_2dQ3a4Pofoi',949,1),
('Luekas','jZisKHXzllYLgLfq',950,1),
('Jaze','CrfoTEEBzKIoFmmz',951,2),
('Adriannae','eky4aFOPVlPGXxH_',952,1),
('Raielyn','ypJNzl_NpD4nHNdZ',953,1),
('Maeve','2Ls68jdYyHCUIpM3',954,1),
('Kimly','XyqLHc4wejdJxzpV',955,1),
('Kirsen','tKbHDICPOyLI_ghS',956,4),
('Haerlo','R92PFI8zUS9XyPhL',957,1),
('Adriannae','RzzoQCnbZwKHdQ79',958,1),
('Gavryn','jVzGnziSDfVNL2R1',959,1),
('Chaeya','qZ6URrJfLnMOiuiv',960,1),
('Ifan','XBXcqMcgXAsOACjJ',961,1),
('Bentleye','NONEsDotWUf7S6DL',962,1),
('Ulivia','wQ72xWBEjyRYW6OG',963,1),
('Alifred','MdwiSDvsNN5LqyVQ',964,1),
('Zavr','cziw_lPRGnNYUofR',965,1),
('Dariox','ZmyKxUcw3NWAD2PW',966,1),
('Geremy','o1cSqmMvBQgzk_Zv',967,1),
('Saria','AHR1lnM3WY5svjVw',968,1),
('Jaycobe','zlgbQkqKb6Y1FADh',969,1),
('Kelyn','vEaCZ324ShT6UYR2',970,1),
('Aeraf','DYwMadnVWPjEgB8Q',971,2),
('Cedrix','vDqY5YjKcdgDq1EU',972,2),
('Elden','CInAHltPlBoTtmcc',973,5),
('Nathanael','FX2SKB8cY4BIouce',974,4),
('Fyonae','6RJxaBzWrS1xpCtr',975,3),
('Gzad','kA4qsNAkpUWzn5o3',976,1),
('Fyna','TAuJ8_eSG8ucbBF7',977,1),
('Janae','nmnZHo35rg5a_xzw',978,2),
('Mikaela','ttNLFroNUvs5SHl3',979,1),
('Edvin','vXi9Nf363S_q5g4z',980,1),
('Alestrandra','3J4O8KmQqCH56LdZ',981,1),
('Jazon','4NC2Rh974l9ca9gI',982,3),
('Graesen','7kgX_bBnGshDCVFO',983,1),
('Blaike','BIG2OFtGeCEOgASd',984,5),
('Maxtn','aU_11FAKdXisc2Dz',985,1),
('Alifred','SOt75ev3AA7L4mFb',986,2),
('Vaessa','Rw6Ds6uwh9Nmt1Yc',987,1),
('Brunnos','btbbKs5iAk_M4Wfs',988,1),
('Dmi','dl3YNbAb9AHHyiP8',989,1),
('Gayel','1g7Q8HOr9H32OAKi',990,1),
('Rosha','CiuQQJlZOLZ_8PYT',991,1),
('Juith','YQeUvvdNr8Aap8jl',992,1),
('Ahbel','Apufd4XmBMFtFHjm',993,1),
('Coltan','saGoxB2VqSrDcImy',994,1),
('Emilisa','Hw_vZNMJEGns7NXi',995,1),
('Alaena','LSH_okgEy9aLhqMY',996,4),
('Sabrya','DnPSzhN1tyNmoTnS',997,5),
('Saraia','8one1tctFf3vYiea',998,5),
('Anthonis','aBBOjNvibtKvGLVR',999,1);






